kind,serv_id,serv_nm,rule,disability_severity,income_pct_max,evidence,source_excerpt
income_unresolved,WLF00000013,독립유공자 의료비 지원,none,,,,독립유공자 의료비 지원 독립유공자 본인과 선순위 유족 및 배우자가 지정 의료기관을 이용시 본인부담금을 지원함으로써 독립유공자에 대한 예우와 함께 건강한 삶을 영위할 수 있도록 함 1) 지원대상 : 시 거주 독립유공자 본인 및 선순위 유족 1인과 세대를 같이하는 배우자2) 선정기준 : 국가보훈부 통보명단에 기준함(의료급여수급권자 제외) 서울특별시 거주 독립유공자(건강보험가입자)*지원대상자 거주지 구청에서 발급된 무료진료증 지참하여 지정 의료기관(약국) 이용시 본인부담금 급여비용 지급 (본인부담금은 시청에서 지정의료기관에 지급)
income_unresolved,WLF00000025,장애인일자리지원,none,unknown,,,"장애인일자리지원 18세 이상 미취업 장애인에게 공공형 일자리를 제공하여 사회참여 확대와 소득보장을 도모합니다. 18세 이상 「장애인복지법」상 등록된 미취업 장애인을 대상으로 합니다.* 일자리 지원 주요직무 : 행정도우미, 전담지원 행정도우미, 복지서비스 지원요원 등 일반형 일자리참여자 선발 기준표 및 지방자치단체 여건에 맞는 기준을 고려하여 우선 선발합니다.(사업참여경력, 장애정도, 소득수준 등을 반영)※ 참여 이력은 장애인일자리사업 모든 유형 및 타 지역 참여 경험을 포함 장애인일자리사업 우수 참여자, 특수학교 및 대학교 졸업예정자 등일 경우 가점으로 반영합니다. 아래 경우에 해당 시, 선발에서 제외합니다. 국민건강보험 직장가입자(피부양자는 제외) ※ 단, 근로계약서 기준으로 신청 당시 직장가입자 중 근로"
income_unresolved,WLF00000035,개발제한구역 거주민 생활비용보조사업,none,,,,"개발제한구역 거주민 생활비용보조사업 개발제한구역 지정으로 생활의 불편을 겪는 구역 내 저소득 주민에게 보전부담금을 재원으로 생활비용을 보조합니다. 다음의 어느 하나에 해당하는 사람으로서 해당 가구의 월평균 소득금액이 도시지역 가구당 월평균 소득 이하인 세대를 대상으로 합니다. 지정당시거주자 지정당시거주자의 자녀 또는 배우자로서 출생 또는 혼인 이후 그와 함께 개발제한구역에서 계속하여 거주한 사람(지정당시거주자인 세대주가 사망한 경우에 한정) * 다만, 자녀 또는 배우자가 다음에 해당하는 경우에는 개발제한구역에서 계속하여 거주한 것으로 봄 - 생업을 목적으로 3년 이하의 기간 동안 개발제한구역 밖에 거주한 경우 - 학업을 목적으로 개발제한구역 밖에 거주한 경우 2025년 지원 기준 개발제한구역 지정당시거주 가"
income_unresolved,WLF00000037,시간제보육 지원,none,,,,"시간제보육 지원 가정 양육 시에도 필요한 때에 필요한 만큼 이용할 수 있는 보육 서비스를 제공하여 자녀 양육에 대한 부담을 경감하고 부모의 보육 서비스 선택권을 보장합니다. 어린이집, 유치원 등을 이용하지 않고 부모급여(현금) 또는 양육수당을 지원받는 영아(6개월 이상 36개월 미만)에게 지원합니다. 독립반 : 6개월~36개월 미만 영아 통합반 : 6개월~2세반* 영아 * 2세반 출생일 기준 : '23.1.1.~'23.12.31.까지 지원대상의 내용을 참고해 주시기 바랍니다."
income_unresolved,WLF00000040,선천성대사이상 검사 및 환아관리,none,unknown,,,"선천성대사이상 검사 및 환아관리 선천성대사이상의 유무를 조기에 발견·치료함으로써 장애발생을 사전에 예방하여 영유아의 건강 증진을 도모합니다. 선천성대사이상 지원대상은 다음과 같습니다. (선별검사) 신생아 선천성 대사이상 외래 선별검사를 받은 영아 (확진검사) 선천성 대사이상 선별검사 결과 유소견 판정 후, 선천성 대사이상 질환 관련 확진검사 결과 선천성대사이상 환아로 판정된 영아 환아관리 지원대상은 다음과 같습니다. 확진검사 결과 선천성대사이상 및 희귀 등 기타 질환으로 진단받아 특수식이 또는 의료비 지원이 필요한, 신청일 기준 만 19세 미만* 환아* 만 나이는 출생월 기준으로 산정하며, 만 19세가 도래한 달까지만 지원 선천성대사이상 검사비 지원내용 및 지원기준은 다음과 같습니다. 신생아 선천성대사이상 "
income_unresolved,WLF00000043,보상금,none,unknown,,,"보상금 독립(국가)유공자, 보훈보상대상자의 생활 안정과 복지 향상을 위하여 보상금을 지원합니다. 다음의 대상자에 대하여 지원합니다. 독립유공자 및 그 선순위 유족 1명 전상군경, 공상군경, 4·19혁명부상자, 특별공로상이자 및 그가 사망한 경우 그 유족 중 선순위자 1명 ※ 2012. 6. 30. 이전 등록한 7급 국가유공자 유족은 상이원인사망 여부에 따라 지급여부 결정, 6급 유족은 상이원인사망 여부에 따라 차등 지급※ 2012. 7. 1.이후(상이원인사망 유족보상금 제도폐지) 등록 또는 재판정신체검사를 신청·판정받은 경우, 7급 유족은 보상금 비대상, 6급 유족은 상이원인사망 여부와 관계없이 6급비상이사망유족 보상금으로 지급 재일학도의용군인 및 그가 사망한 경우 그 유족 중 선순위자 1명 전몰군경, 순직"
income_unresolved,WLF00000044,생활안정자금(융자),none,,,,"생활안정자금(융자) 저소득 노동자, 특수형태근로종사자, 1인 자영업자가 혼례·장예 등 사유 발생 시 필요한 생활자금을 저리로 융자하여 생계안정을 지원하고자 합니다. 융자항목별 신청대상은 다음과 같습니다. (의료비·혼례비·장례비 부모 요양비·자녀 학자금·자녀양육비) &#9312; 신청일 현재 소속 사업장에 3개월 이상 근로중(단, 일용직은 신청일 이전 90일 이내에 고용보험 근로내용 확인신고서에 따른 근로일수가 45일 이상인 경우) &#9313; 월평균 소득이 3인가구 기준 중위소득 2분의 1 이하인 근로자('26년 기준 268만원) * 일용직은 소득요건 비적용 (소액생계비) &#9312; 신청일 현재 소속사업장에 3개월 이상 근로 중(단, 일용직은 신청일 이전 180일 이내에 고용보험 근로내용 확인신고서에 "
income_unresolved,WLF00000057,공공분양,none,,,,"공공분양 저소득층의 주거안정 및 무주택자의 내 집 마련 기회를 제공합니다. 입주자모집공고일 현재 해당 주택건설지역(특별시·광역시·특별자치시·특별자치도 또는 시·군의 행정구역을 말함)에 거주하는 무주택세대구성원으로서 해당 세대의 소득 및 보유자산(토지, 건물 및 자동차)이 국토교통부장관이 정하는 기준 이하인 자 공급유형별로 다음의 소득기준을 충족하여야 합니다. (일반공급) - (전용면적 60㎡ 이하) 공공분양 및 분양전환공공임대주택 : 전년도 도시근로자 가구당 월평균소득 100% 이하 - (그 외 주택) 소득기준 없음※ 해당 연도별 적용 금액은 입주자모집공고문을 참고 (특별공급) - (생애최초 특별공급) 전년도 도시근로자가구 평균소득 130% 이하 ※ 70%를 월평균 소득 100% 이하에 우선 공급 - (신혼"
income_unresolved,WLF00000088,석면피해구제급여,none,,,,"석면피해구제급여 석면으로 인한 건강피해자 및 유족에게 구제급여를 지급하여 건강피해를 신속하고 공정하게 구제합니다. 석면피해(특별유족)인정 신청자 중 환경분쟁조정피해구제위원회에서 석면질병으로 판정을 받은 자를 대상으로 합니다. 석면질병 : 악성중피종, 원발성폐암, 석면폐증, 미만성흉막비후 「석면피해구제법」 시행령 별표 1의 인정기준을 충족한 사람 산재보험 등 타법에 의해 보상을 받은 사람은 제외합니다. 지원대상의 내용을 참고해주시기 바랍니다."
income_unresolved,WLF00000089,다함께 돌봄 사업,none,,,,"다함께 돌봄 사업 지역 중심의 맞춤형 돌봄 서비스를 제공하여 돌봄사각지대를 해소하고 맞벌이 가구 등의 육아부담을 경감합니다. 돌봄이 필요한 6~12세 아동을 대상으로 합니다. 소득수준과 무관 이용료 수납한도액 : 아동 1인당 월 10만원 이내(프로그램 활동비, 현장학습비 등) * 외부인력에 의해 센터 내외에서 이루어지는 특별활동 프로그램 운영 시 월 10만원 한도 초과하여 프로그램별 이용료 수납 가능 ** 급·간식을 제공할 경우에는 월 10만원 이외 별도 수익자 부담 추가 가능 각 지방자치단체(센터별)는 지역여건에 따라 이용 우선순위를 정할 수 있습니다. * 예시: 다자녀 가정, 맞벌이 가정, 초등학교 저학년 가정 등"
income_unresolved,WLF00000095,사회보험사각지대해소 사업(두루누리 사회보험료 지원사업),none,,,,"사회보험사각지대해소 사업(두루누리 사회보험료 지원사업) 소규모 사업 저임금 근로자, 예술인, 노무제공자의 사회보험료를 지원하여 사회보험가입 사각지대 해소 및 사회안전망을 강화합니다. 소규모사업 저임금 근로자, 예술인, 노무제공자의 사회보험료(고용보험, 국민연금) 일부를 지원합니다. 근로자 10인 미만 사업 월평균보수 270만원 미만 근로자, 예술인, 노무제공자 및 그 사업주가 부담하는 고용보험,국민연금 보험료의 일부 지원※ 예술인, 노무제공자는 고용보험료만 지원 근로자 10인 이상 사업 월평균보수 270만원 미만 예술인, 노무제공자가 부담하는 고용보험 보험료의 일부 국가에서 지원 근로자 10명 미만에 대한 판단기준은 다음과 같습니다. (공통) 지원신청일이 속하는 달의 말일 현재, 근로자인 피보험자수가 10명"
income_unresolved,WLF00000103,노인장기요양보험 복지용구 급여,none,,,,"노인장기요양보험 복지용구 급여 장기요양 수급자에게 일상생활 또는 신체활동 지원 및 인지 기능의 유지 향상에 필요한 용구를 제공합니다. 노인장기요양보험 급여대상자(1~5등급, 인지지원등급)를 대상으로 합니다. 지원대상의 내용을 참고해주시기 바랍니다."
income_unresolved,WLF00000664,독거노인 사회안전망강화 사업,none,,,,"독거노인 사회안전망강화 사업 1) 사업목적 - 지속적인 관심과 지원이 필요한 독거어르신에게 주기적인 안전확인 및 건강·정서지원을 실시하여 독거어르신의 사회적 안전망을 강화하고 고독사 방지 등 정서적으로 안정된 노후생활을 영위할 수 있도록 하고자 함 2) 지원대상 - 독거 및 저소득 어르신 3) 수행기관 - 1권역 : 은평어르신돌봄통합지원센터(구산, 녹번, 응암1~3, 역촌, 신사1~2, 증산, 수색동) - 2권역 : 시립은평노인종합복지관(대조, 불광1~2, 갈현1~2, 진관동) 4) 지원 내용 -건강지원 : 사계절 김치 지원 -정서지원 : 생신상 차림 지원 -재난지원 : 냉·난방용품 지원 -주 거 : 주거 환경 개선 및 자원봉사자, 해충방제 지원 -돌봄로봇 : 돌봄로봇 관리비 지원 독거 및 저소득 어르신 저"
income_unresolved,WLF00000698,건강음료비 지원,none,,,,건강음료비 지원 복지사각지대 1인 가구(법정저소득 1인가구 포함) 대상으로 주3회 건강음료 배달을 통한 정기적 안부 확인으로 고독사를 방지하고 취약계층 보호를 위한 사회 안전망 강화 복지사각지대 1인 가구(법정저소득 1인가구 포함) 복지사각지대 1인 가구(법정저소득 1인가구 포함) 중 기존 안부확인 서비스를 받고 있지 않는 분
income_unresolved,WLF00000726,저소득층 아동학습지 무료지원사업,none,,,,"저소득층 아동학습지 무료지원사업 가정경제의 곤란과 가정해체 등으로 교육기회를제대로 받지 못하는 저소득층 가정의 자녀를 대상으로 『HOME-STUDY&CARE』를 실시하여 아동들의 학습 능력 향상 및 결식,아동학대 관찰등 복지증진에 기여하고자 함. 법정 저소득층 대상 가정의 아동(초등학교 1~6학년)95명*12개월=1,140명 법정 저소득층 대상 가정의 아동(초등학교 1~6학년)"
income_unresolved,WLF00000765,한부모가족문화체험행사,none,,,,한부모가족문화체험행사 경제적 여건 등으로 문화 및 여가생활의 기회가 적은 저소득 한부모가족 자녀에게 다양한 체험활동의 기회를 제공함으로써 가족 간의 유대 강화 구로구 관내 저소득 한부모가정 아동 관내 저소득 한부모가정
income_unresolved,WLF00000807,입양숙려기간 모자지원사업,none,,,,"입양숙려기간 모자지원사업 미혼·이혼 한부모가 출산 전후 정서적으로 불안정한 상태로 입양에 동의하는 것을 방지하고 입양과 양육에 대하여 충분히 고려할 기회를 제공합니다. 출산(예정) 후의 미혼·이혼 한부모로써 다음 요건을 충족한 사람을 대상으로 합니다. 출산(예정) 여부 : 출산(예정)일 전 40일 또는 후 7일 이내에 있는 자 혼인 여부 : 혼인관계증명서 상 혼인관계에 있지 아니한 자 단, 지원기간동안 입양(동의) 사실이 없어야 합니다. 지원대상의 내용을 참고해주시기 바랍니다."
income_unresolved,WLF00000814,노후공공임대주택시설개선,none,,,,"노후공공임대주택시설개선 노후 공공임대주택의 세대내부 및 부대·복리시설을 개선하여 저소득층의 주거안전 및 환경개선을 도모합니다. 15년 이상 경과된 공공임대주택(영구 및 50년임대) 입주자를 지원합니다. 노후 공공임대주택 28만호, 349개단지(영구:183단지, 50년:166단지)를 대상으로 합니다. 안전 및 에너지절약 등을 위한 사업항목 중 대상단지의 시설관리주체{지자체(시도) 및 LH}에서 매년초에 수요조사를 실시하고, 예산확보 등을 종합적으로 검토하여 당해년도 사업항목을 선정합니다."
income_unresolved,WLF00000816,저소득 한부모가정 위문 격려(설날 및 추석),none,,,,저소득 한부모가정 위문 격려(설날 및 추석) 추석 설 명절을 맞이하여 우리구 저소득 한부모가족을 격려함으로써 소외되기쉬운 이들이 따뜻하고 훈훈한 명절을 보낼 수 있도록 하고자 함 - 한부모가족지원법 제5조에 의거 보장중인 저소득 한부모가족 법정 저소득 한부모가정에 지원
income_unresolved,WLF00000821,송파구 국가보훈대상자에 대한 보훈수당 지원,none,,,,"송파구 국가보훈대상자에 대한 보훈수당 지원 국가보훈대상자에 대한 예우 및 복지 향상 국가보훈대상자가 지급기준일 현재 구에 주민등록을 두고 거주한 경우 서울시 조례에 따른 수당(참전명예수당,생활보조수당, 보훈예우수당, 독립유공생활지원수당 등) 수급자 포함"
income_unresolved,WLF00000838,고용보험 미적용자 출산급여 지원,none,,,,"고용보험 미적용자 출산급여 지원 소득활동을 하고 있으나 고용보험의 '출산전후휴가급여'를 지원받지 못하는 출산여성에게 출산급여를 지원합니다. 소득활동을 하고 있지만 고용보험 미적용으로 '출산전후휴가급여'를 받지 못하는 출산여성(유산, 사산의 경우 포함)에게 지원합니다. 출산 전 18개월중 3개월 이상, 그리고 출산일 현재도 소득활동을 하고 있어야 하며 소득이 발생하여야 합니다. 출산일 현재 소득활동 유형별 세부기준은 다음과 같습니다. (근로자) &#9312;유형 : 고용보험 출산전후휴가급여 수급요건(피보험단위기간 180일 이상) 미충족자 출산일 현재 근로자 출산일 전 30일(일용근로자 출산일 전 3개월 중 10일) 이상 피보험자격 유지 출산일 전 18개월 중 3개월 이상 소득활동 및 발생 증빙 동거친족 여부 "
income_unresolved,WLF00000981,저소득자 및 보훈단체 지원(국가유공자 및 유족격려),none,,,,"저소득자 및 보훈단체 지원(국가유공자 및 유족격려) - 국가보훈대상자에게 설, 추석, 보훈의 달에 위문금 지급(5만) - 6.25 참전유공자에게 보훈의 달에 위문금 지급(30만원) 1) 지원대상 : 지급기준월에 용산구에 거주하고 있는 국가보훈대상자2) 선정기준 : 국가보훈대상자로 보훈청에 등록된 자 1) 지원대상 : 지급기준월에 용산구에 거주하고 있는 국가보훈대상자2) 선정기준 : 국가보훈대상자로 보훈청에 등록된 자"
income_unresolved,WLF00001001,중증 재가 장애인 밑반찬 지원,none,unknown,,,중증 재가 장애인 밑반찬 지원 복지 사각지대에 있는 저소득 독고 장애인 가구에게 맞춤형 무료 밑반찬 제공사업을 추진하여 장애인의 복지증진에 기여 거동곤란 중증 재가 장애인 거동곤란 중증재가장애인
income_unresolved,WLF00001004,저소득 독거 어르신 안부확인(음료배달),none,,,,"저소득 독거 어르신 안부확인(음료배달) 저소득 홀로사는 어르신에게 야쿠르트 배달을 실시함으로써, 어르신의 건강 · 생활 안전을 확인하고 위급상황 발생 시 신속히 대처 만60세이상 저소득 홀몸 어르신 만60세이상 저소득 홀몸 어르신"
income_unresolved,WLF00001020,북한이탈주민 자산형성지원제도(미래행복통장),none,,,,"북한이탈주민 자산형성지원제도(미래행복통장) 북향민이 경제활동 소득 중 일정 금액을 저축하면 정부가 동일한 금액을 저축해 주는 사업으로, 북향민의 취업, 사업 등의 경제활동을 높여 우리 사회에 안정적으로 정착할 수 있도록 경제적 기반 마련을 지원합니다. 2014년 11월 29일 이후 입국하여 보호결정을 받은 북향민 - 기존 거주지보호기간 5년 이내 가입 조건 폐지, 2025.2.11.부터 거주지보호기간이 경과된 북향민도 가입 가능 3개월 이상 취업, 사업 등 경제 활동 상태 가입신청일 기준 만 18세 이상 미래행복통장 가입자격은 다음과 같습니다. 2014년 11월 29일 이후 입국하여 보호결정을 받은 상태인 자 3개월 이상 취업/사업 등의 경제활동을 하고 있는 자(신청 당시 소득이 발생하고 있음을 의미함) 가"
income_unresolved,WLF00001021,장애아동입양 양육보조금,none,unknown,,,장애아동입양 양육보조금 장애 아동을 입양한 가정에 양육보조금을 지원하여 장애아동의 국내입양 활성화 및 건전육성을 도모합니다. 「입양특례법」상 허가를 받은 입양기관에 의해 법의 요건과 절차를 갖추어 장애아동을 국내 입양한 가정을 지원합니다. 지원대상 장애아동은 다음과 같습니다. - 입양 당시 「장애인복지법」 제32조 제1항에 따라 장애인 등록을 한 아동 - 분만 시 조산/체중미달/분만장애 또는 유전 등으로 입양 당시 질환을 앓고 있는 아동 * 조산/체중미달/분만장애 및 유전 등으로 질환을 앓고 있던 아동이 지원을 받다가 완치된 경우 지급을 중단 - 입양 후 선천적 요인으로 인한 장애가 발견되어 장애인 등록을 하거나 질환이 발생한 아동 * 질환이 있는 아동의 지원대상 유무 판정 기준 : 진단별 특성에 적합한 대
income_unresolved,WLF00001028,저소득 장애인 가정 명절위문,none,severe,,,"저소득 장애인 가정 명절위문 저소득 장애인가정에 훈훈한 명절을 보낼 수 있도록 위로, 격려하고, 따뜻한 인정을 전달함으로써 더불어 함께 살아가는 분위기를 조성하고자 함 저소득 중증장애인 등 동대문구 거주 기초생활수급자(생계, 의료)가 아닌 저소득 장애인 가정에 대해 동 주민센터에서 대상자 선정"
income_unresolved,WLF00001054,밑반찬 배달사업 지원,none,unknown,,,밑반찬 배달사업 지원 ○ 65세 이하 재가 장애인의 규칙적인 식생활을 통한 건강유지 및 증진에 기여 ○ 소외된 장애인들에게 밑반찬을 배달하므로 써 사회구성원으로써 동질성 회복 ○ 더불어 함께하는 복지공동체 장애인행복 도시구현 지원대상 : 성북구 결식우려가 있는 저소득 재가장애인 50명 저소득 장애인
income_unresolved,WLF00001062,정보통신보조기기 보급,none,severe,,,"정보통신보조기기 보급 장애인의 기능적 한계를 보완개선하여 정보화를 통한 역량을 증진할 수 있도록 정보통신보조기기 보급을 지원합니다. 정보통신 보조기기 보급대상은 다음과 같습니다. 「장애인복지법」제32조의 규정에 의하여 등록한 장애인 「국가유공자 등 예우 및 지원에 관한 법률」제6조의 규정에 의하여 등록된 자 아래의 항목을 종합적으로 고려하여 개인(신규신청자 우선)을 대상으로 선정합니다. - 중증장애인 우선 - 저소득층 우선 - 구직자, 학생, 취업자 순 - 보조기기 사용 적합도 및 활용도 높은 자 서류심사, 방문상담(해당하는 경우), 전문가 평가 등 절차에 따라 공정하고 객관적으로 선정합니다."
income_unresolved,WLF00001066,참전명예수당,none,,,,"참전명예수당 참전유공자에게 수당을 지급하여 생활안정과 복지향상을 도모합니다. 65세 이상 참전유공자 본인을 대상으로 지원합니다. 전상군경, 공상군경, 무공수훈자, 6.25재일학도의용군인, 재해부상군경으로 보훈급여금을 받거나 고엽제법에 따른 수당을 지급받는 때에는 본인이 보훈급여금과 수당 중 하나를 선택합니다. 지원대상의 내용을 참고해 주시기 바랍니다."
income_unresolved,WLF00001067,장애아보육료지원,none,unknown,,,"장애아보육료지원 어린이집 이용 장애아동에 대한 보육료 지원을 통해 부모의 자녀양육 부담경감 및 원활한 경제활동을 지원합니다. 장애인복지카드(등록증)를 소유한 미취학 12세 이하의 장애아동을 지원합니다. 단, 다음의 아동에 대해서는 예외적으로 지원할 수 있습니다. 「장애인 등에 대한 특수교육법」제15조에 따라 특수교육 대상자로 선정된 3~5세 아동이 특수교육대상자 진단/평가 결과 통지서를 제출한 경우 취학연령이 되었음에도 부득이하게 질병 등의 사유로 일반 초등학교 및 특수학교에 취학하지 못한 장애아동은 무상 보육 대상에 포함 (장애인 복지카드를 소지하거나 특수교육대상자 진단/평가 결과 통지서를 제출한 경우 장애인복지카드 또는 특수교육 대상자 진단,평가 결과 통지서를 미소지한 5세이하 영유아가 장애 소견이 있는"
income_unresolved,WLF00001069,산재근로자 합병증 등 예방관리,none,,,,"산재근로자 합병증 등 예방관리 산재요양 종결 후 상병 및 장해의 특성으로 인하여 발생하는 합병증 등 예방관리를 지원합니다. 의학적으로 합병증 등 예방관리를 위한 진료가 필요한 44개 증상이 있는 산재노동자를 지원합니다. 「산업재해보상보험법」제57조에 따라 장해급여 지급 결정을 받은 자 중 예방관리 적용대상 장해등급 기준을 충족한 자 무장해자에 따른 예방관리 증상 상병(심근경색, 협심증, 기관지천식에 한함)의 치유를 결정한 자 중 합병증 등 예방관리가 필요하다고 인정된 자"
income_unresolved,WLF00001076,서민금융 활성화 지원(햇살론youth 보증사업),none,,,,"서민금융 활성화 지원(햇살론youth 보증사업) 금융취약계층인 대학생, 청년의 금융애로를 해소하여 학업 및 취업에 전념, 향후 제도권 금융으로 안착할 수 있도록 지원합니다. 만 19세 이상 ~ 34세 이하이면서 연소득 3,500만원 이하인 대학생, 청년에게 지원합니다. ※ 개인회생, 개인워크아웃, 새출발기금, 서금원 자체 채무조정 성실상환자의 경우 6개월 이상 성실 상환 시 공공정보 등재 시에도 신청가능 만 34세 이하의 취업준비생(대학(원)생, 학점은행제, 미취업청년) 또는 사회초년생(중소기업 1년 이하 재직자) 또는 개인사업자(창업 1년 인내인 자)를 대상으로 지원합니다."
income_unresolved,WLF00001079,주거안정 월세대출 보증,none,,,,"주거안정 월세대출 보증 자력은 부족하지만 장래 소득발생이 예상되고 자활의지가 있는 저소득 계층의 주거안정을 위해 월세대출을 보증합니다. 보증금 1억원 이하 및 월세 60만원 이하인 월세계약을 체결한 주택도시기금 주거안정 월세대출 대상자를 지원합니다. 단, 아래의 사유에 해당되는 분은 보증을 이용할 수 없습니다. 보증신청일 현재 공사의 구상권 또는 유동화미수채권 등이 회수되지 아니한 주채무자와 그 배우자 및 채무관계자* 다만, 법적 변제의무 종결자 및 물적담보제공자는 제외 공사에서 정한 보증사고 사유에 해당되어 사고처리(사고처리 유보 포함, 이하 같다)된 자와 그 배우자 및 채무관계자 공사 개인신용평가시스템에 의한 보증거절등급자 신용관리정보를 보유하고 있는 자 구상채권회수보증의 피보증인 및 연대보증인 채권자가"
income_unresolved,WLF00001080,산재근로자 생활안정자금융자,none,,,,"산재근로자 생활안정자금융자 산재노동자에게 생활안정 자금 융자를 통해 필요한 자금을 신속하게 지원하고 안정된 생활을 유지하도록 도와드립니다. 월평균 소득이 중위소득 이하인 자로 아래의 경우에 해당하는 자를 지원합니다. 산재보험법에 의한 사망근로자 유족급여 수급권자(단, 방계 일시금 수급권자 제외) 상병보상연금수급권자, 장해등급 제1급부터 제9급까지 결정받은 자 5년 이상 장기요양 중인 이황화탄소 질병판정자(CS2) 3개월 이상 요양 중인 산재근로자로서 평균임금이 최저임금 이하에 해당하는 자(의료비,혼례비,장례비에 한정) 아래의 경우에 해당하는 경우에는 지원 대상에서 제외될 수 있습니다. 월평균 소득이 가구수 별 중위소득 기준을 초과하는 자 * 2026년 중위소득(3인 가구 기준): 5,359,036원 한국신용"
income_unresolved,WLF00001086,특별현금급여(가족요양비),none,unknown,,,"특별현금급여(가족요양비) 가족등으로부터 방문요양에 상당한 장기요양급여를 받은 때 수급자에게 특별현금급여를 지급합니다. 65세 이상 노인 및 노인성 질병*을 가진 65세 미만 국민으로서 장기요양 1~5등급을 받은 사람 중 아래에 해당하는 사람을 대상으로 합니다.* 노인성 질병 : 치매, 뇌혈관 질환, 파킨슨병 및 관련질환 도서, 벽지 등 장기요양기관이 부족한 지역으로 장관이 정하여 고시하는 지역에 거주하고 있는 자 천재지변 등의 사유로 장기요양기관이 제공하는 서비스를 이용하기 어렵다고 장관이 인정한 자 대통령령에 따른 감염병 환자, 정신장애인, 신체적 변형 등으로 대인과의 접촉을 기피하는 자 대상자 유형별 제출서류 기준은 다음과 같습니다. 섬, 벽지지역 고시에 따른 지역에 거주하는자 : 가족요양비 지급 및 의"
income_unresolved,WLF00001092,요양급여(보조기)-산재보험급여,none,,,,요양급여(보조기)-산재보험급여 근로자의 업무상 사유에 의한 부상 및 질병에 대한 재활보조기구 비용(요양급여)을 지급하여 근로자의 재활 및 사회 복귀를 촉진합니다. 업무상 재해로 인하여 장해가 발생되어 재활보조기구 지급 대상에 해당하는 산재근로자를 지원합니다. 재활보조기구 지급 대상에 해당하는 산재근로자로 재활보조기구 각 품목별 지급 대상 요건을 충족한 경우 지원합니다.
income_unresolved,WLF00001094,"어린이집지원(교사근무환경개선비,교사겸직원장지원비)",none,,,,"어린이집지원(교사근무환경개선비,교사겸직원장지원비) 어린이집 보육교사와 교사를 겸직하는 원장의 근로여건개선을 위해 근무환경 개선비를 지원합니다. 교사근무환경개선비 지원대상은 다음과 같습니다. (지원조건) - 어린이집 또는 시간제보육제공기관에서 반을 맡고 있는 담임교사(보육교사 또는 특수교사) 및 연장보육 전담교사, 담임교사와 연장보육 전담교사를 대체하는 대체교사 - 평일 8시간을 원칙으로 월 15일 이상 어린이집 또는 시간제보육 제공기관에서 실제 근무 또는 평일 4시간을 원칙으로 월 15일 이상 어린이집 및 시간제보육 제공기관에서 실제 근무 * 월급여 야간연장 교사는 일 6시간 이상 8시간 이내 근무 가능 * 신학기 적응기간(3,4월)에 한하여 대체교사 유휴인력 어린이집 지원 시 담임교사지원비 지급 가능 * "
income_unresolved,WLF00001097,농업인연금보험료지원,none,,,,"농업인연금보험료지원 농산물 수입개방 확대로 인한 농업인의 경제적 부담을 경감하기 위해 연금 보험료 일부를 지원하여 안정적인 노후생활을 도모하고, 노후소득을 보장합니다. 국민연금 지역가입자 및 지역 임의계속 가입자 중 농업인에게 지원합니다. 지역가입자(당연/특례) 중 농업인은 다음과 같습니다. 지역가입자에서 임의계속가입자로 된 농업인 「국민연금법」시행령 제57조 제1항에서 정하고 있는 농업인 「농업·농촌 및 식품산업 기본법」제3조제2호 규정에 해당하는 자"
income_unresolved,WLF00001121,장애입양아동 의료비지원,none,unknown,,,장애입양아동 의료비지원 장애아동을 입양한 국내입양가정에 의료비를 지원하여 장애아동의 국내입양 활성화 및 건전육성을 도모합니다. 장애아동 양육보조금 지급대상자로 결정된 아동에게 지원합니다. 지원대상 장애아동은 다음과 같습니다. - 입양 당시 「장애인복지법」 제32조 제1항에 따라 장애인 등록을 한 아동 - 분만 시 조산/체중미달/분만장애 또는 유전 등으로 입양 당시 질환을 앓고 있는 아동 * 조산/체중미달/분만장애 및 유전 등으로 질환을 앓고 있던 아동이 지원을 받다가 완치된 경우 지급을 중단 - 입양 후 선천적 요인으로 인한 장애가 발견되어 장애인 등록을 하거나 질환이 발생한 아동 * 질환이 있는 아동의 지원대상 유무 판정 기준 : 진단별 특성에 적합한 대학 병원급 전문의의 소견서(또는 진단서)를 첨부 받아
income_unresolved,WLF00001131,국가보훈대상자 지원(수업료면제),none,,,,"국가보훈대상자 지원(수업료면제) 국가유공자와 그 유족 또는 가족이 교육기관에서 필요한 교육을 받음으로써 건전한 사회인으로 자립할 수 있도록 교육비를 지원합니다. 국가보훈관계 법령에서 규정하는 교육지원대상자의 중·고·대학 및 그밖에 이에 준하는 교육기관의 수업료 등을 면제합니다.※ 생활수준을 고려하여 교육지원을 하는 대상은 관할 보훈지청에 「교육지원신청」을 하여 국가보훈부장이 고시하는 기준소득 이하에 한하여 교육지원 실시 「독립유공자예우에 관한 법률」 제15조의 교육지원대상자- 독립유공자 본인, 배우자, 자녀, 손자녀 「국가유공자 등 예우 및 지원에 관한 법률」 제22조의 교육지원대상자 - 국가유공자 본인, 자녀, 배우자(전몰군경, 순직군경, 4·19혁명사망자, 순직공무원, 특별공로순직자의 배우자에 한함) ※"
income_unresolved,WLF00001136,보험급여(건강보험 장애인보조기기),none,unknown,,,"보험급여(건강보험 장애인보조기기) 건강보험가입자 및 피부양자 중 「장애인복지법」에 따라 등록한 장애인이 장애인보조기기를 구입할 경우 구입금액 일부를 지원합니다. 건강보험가입자 및 피부양자 중 「장애인복지법」에 따라 등록한 장애인이 장애인보조기기를 구입할 경우 지원합니다. 보조기기 구입 전, 국민건강보험공단에서는 아래의 사항을 확인합니다. 보조기기 세부기준 및 보험급여 기준에 부합하는지 여부 처방 전문의 자격에 부합하는지 여부 중복지급 등 급여제한 대상에 해당하는지 여부 직전 지급 보조기기의 내구연한 경과여부 내구연한이 경과하지 않은 경우 급여 사유 기타 적정한 급여를 위하여 필요한 사항 보조기기 구입비용 지급청구 시, 국민건강보험공단에서는 아래의 사항을 확인하여 공단부담금을 지급합니다. 장애인이 보조기기를 "
income_unresolved,WLF00001147,그 밖의 연장형 보육료 등 지원,none,unknown,,,"그 밖의 연장형 보육료 등 지원 그 밖의 연장형 어린이집(야간연장, 휴일, 24시 등)을 이용하는 영유아에 대하여 보육료를 지원함으로써 부모의 자녀양육 부담을 덜고 원활한 경제활동을 돕습니다. 그 밖의 연장형 보육료는 0~2세 종일반 보육료(기본보육시간 보육료 지원아동은 휴일보육료만 지원가능), 3~5세 누리과정 보육료, 다문화 보육료 및 장애아 보육료(취학전) 지원 아동을 지원합니다. 12세 이하 취학아동 중 법정 저소득층과 장애아동(복지카드 소지자)*에 대해서는 야간연장 보육료에 한해 지원 가능 복지카드 미소지자인 취학 장애아동은 특수교육대상자 진단·평가 통지서 제출시 8세까지 지원 야간12시간 보육료, 24시간 보육료는 24시간 지정 어린이집을 이용하는 경우에만 지원합니다. 원장 겸 교사의 자녀는 그 "
income_unresolved,WLF00001148,근로·자녀장려금,none,severe,,,"근로·자녀장려금 소득이 적어 생활이 어려운 자영업자 또는 근로자 가구에 근로장려금과 자녀장려금을 지급하여 근로 의욕을 더하고 소득과 자녀양육비를 지원합니다. 전년도 6월 1일 현재 가구원 모두가 소유하고 있는 재산 합계액이 2.4억원 미만이면 신청할 수 있습니다. ※ 가구원은 신청자, 배우자, 부양자녀, 동일주소에서 생계를 같이하는 직계존비속 등을 포함합니다. 재산합계액 1.7억 미만 : 해당장려금의100% 지급 재산합계액 1.7억 이상 ~ 2.4억 미만 : 해당장려금의 50% 지급 장려금을 받으려는 거주자에게 국세체납액이 있는 경우 장려금의 30% 한도 내에서 충당한 후 지급합니다. 근로소득 또는 사업소득 또는 종교인소득이 있는 거주자로서 아래 요건을 갖춘 경우 장려금 신청이 가능합니다. (공통사항 요건)"
income_unresolved,WLF00001149,공공산림가꾸기,none,unknown,,,"공공산림가꾸기 청년 실업자나 장년층 퇴직자 등을 산림사업에 투입하여 일자리 창출에 기여합니다. 만 18세 이상인 자로서 실업자 또는 정기소득이 없는 경우 참여신청이 가능합니다. 다음에 해당하는 경우에는 사업에 참여할 수 없습니다. 고교·대학(이하 ""2년제·3년제 대학과 대학원을 포함한다"") 재학생 전년도 사업 추진 과정시 참여자가 상습적으로 결근, 지각, 조퇴하거나 음주, 근무지 이탈 또는 감독자의 지시에 불응하는 등 근무태도가 불량하여 사업 참여를 배제 받은 자 지방산림청장, 국유림관리소장 및 시장, 도지사, 군수, 구청장이 선발합니다. 선발 일반사항은 다음과 같습니다. 사업별 자격 및 선발기준에 따라 정함 특별한 기술, 자격 및 경험을 필요로 하는 사업은 경험이 있는 자를 우선 고용할 수 있음 취업취약계"
income_unresolved,WLF00001157,지역자활센터 운영,none,,,,"지역자활센터 운영 근로 능력이 있는 저소득층에게 체계적, 집중적인 자활 서비스를 제공하여 자활 의욕을 고취하고 자립 능력 향상을 지원합니다. 지역자활센터 중 지역사회복지사업 및 자활지원사업의 수행능력과 경험 등이 있는 사회복지법인 등 비영리법인과 단체*를 지원합니다. * 「비영리민간단체지원에 관한 법률」 제2조에 등록된 단체로 정관 및 규약상 해당 사업을 수행할 수 있는 단체 지원대상의 내용을 참고해주시기 바랍니다."
income_unresolved,WLF00001159,입원 및 격리치료명령 결핵환자 부양가족생활보호비 지원,none,,,,"입원 및 격리치료명령 결핵환자 부양가족생활보호비 지원 결핵예방법에 따라 입원 및 격리치료 명령을 받은 결핵환자의 격리기간 동안 발생한 소득상실을 보전하기 위해 환자 본인 또는 그 부양가족에게 생활보호비를 지급합니다. 입원(격리치료)명령을 받아 소득을 상실한 결핵환자로 당해 연도 가구별 기준 중위소득 수준의 120% 미만(환자가구)에 해당하는 경우 지원합니다. 단, 기초생활수급자는 제외※「긴급복지지원법」등 타 법률에서 동일한 성격(생계 지원)의 지원을 받고 있는 경우 중복 지원 불가 입원(격리치료)명령 실시 이전 최근 1년 이내에 소득이 확인된 환자 &#9312; 상시근로소득은 공적자료로 조회되는 '연간 소득액을 기준으로 월 평균한 소득'을 반영 &#9313; 일용근로자 소득은 '최근 3개월간 월 평균소득' "
income_unresolved,WLF00001164,기초연금,none,unknown,,,"기초연금 노인에게 기초연금을 지급하여 안정적인 소득기반을 제공함으로써 노인의 생활안정을 지원합니다. 만 65세 이상인 어르신으로서 소득인정액이 매년 보건복지부장관이 정하여 고시하는 금액 이하인 사람에게 지원합니다. 단, 직역연금 수급권자와 그 배우자는 기초연금 지급대상에서 제외하나, 특례대상과 예외대상에 해당하는 경우는 수급권자의 범위에 포함 연령 : 만 65세이상인 자 소득인정액 : 가구의 소득인정액이 선정기준액 이하인 자, 소득인정액은 아래와 같이 계산합니다. 2026도 선정기준액은 단독가구는 2,470,000원, 부부가구는 3,952,000원 소득인정액 = 소득평가액 + 재산의 소득환산액 소득평가액 = {0.7 X (근로소득 - 116만원)} + 기타 소득 재산의 소득환산액 = [ {(일반재산 - 기본"
income_unresolved,WLF00001165,발달장애인 주간활동서비스,none,unknown,,,발달장애인 주간활동서비스 발달장애인이 낮 시간 자신의 욕구를 반영한 지역사회 기반활동에 참여하게 함으로써 장애인의 자립생활을 지원하고 사회참여 증진을 도모합니다. 만 18세이상 「장애인복지법」상 등록된 지적 및 자폐성 장애인을 지원합니다. 장애인 당사자 및 가구의 소득수준과 무관하게 신청 가능합니다. 지원대상의 내용을 참고해 주시기 바랍니다.
income_unresolved,WLF00001172,취업취약계층 고용지원 사업,none,,,,"취업취약계층 고용지원 사업 취업에 어려움을 겪는 취약계층에게 전문심리상담과 집단상담, 취업특강 등 구직자 취업역량강화 프로그램을 제공하여 자신감 회복, 직업선택, 구직기술 향상 등을 효과적으로 지원합니다. 실업급여 수급자, 국민취업지원제도 참여자 및 그 밖에 상담을 거쳐 취업의욕과 취업기술 향상이 필요한 취업취약계층을 지원합니다. 지원대상을 참고해주시기 바랍니다."
income_unresolved,WLF00001183,다문화보육료지원,none,,,,"다문화보육료지원 어린이집을 이용하는 다문화 가정의 영유아 자녀에게 보육료를 지원하여 부모의 양육에 대한 부담을 덜고, 부모가 원활한 경제활동을 할 수 있도록 돕습니다. 다문화가족 자녀 중 초등학교 취학전 0세~5세아를 지원합니다. 보호자의 소득수준에 관계없이 지원합니다. 다문화가족의 결혼이민자(인지신고 또는 귀화허가를 받은 자 포함)와 대한민국 국적을 취득한 자 사이에서 출생한 자녀는 동일세대 여부와 상관없이 지원합니다. 다음의 아동에 대해서는 예외적으로 지원할 수 있습니다. - 다문화가족의 결혼이민자(인지신고 또는 귀화허가를 받은 자 포함)와 대한민국 국적을 취득한 자 사이에서 출생한 자녀가 아닌 전처 또는 전 남편과의 사이에서 출생한 자녀는 다문화 가족과 동일 세대원으로 생계를 같이 하는 경우 지원 가능"
income_unresolved,WLF00001852,장애인 일자리 지원,none,unknown,,,장애인 일자리 지원 취업 취약계층인 장애인에게 일자리 제공을 통한 사회참여 확대 및 소득보장 지원 만 18세 이상 장애인복지법상 등록장애인 장애인복지법상 등록 장애인
income_unresolved,WLF00001859,마포 징검다리 주택사업,none,,,,마포 징검다리 주택사업 주거위기가구를 위한 주거공간을 제공하고 주거취약가구의 공공임대주택 입주 등을 지원하여 저소득주민의 주거비 부담 완화 및 주거안정 도모 저소득 주거위기 및 주거취약가구 -임시거소 지원대상 : '긴급복지지원법'제2조의 사유로 인하여 주거위기 상황에 처한가구 또는 공공임대주택 입주 대기가구 중 긴급주거지원이 필요한 가구(조례 제2조제1호)-매입건설임대주택 지원대상 : 무주택세대구성원 저소득 주거취약가구(조례 제2조제2호)-주거안정자금 융자 : 저소득 주거취약가구 중 구 소재의 공공임대주택 입주대기자로 선정된 가구-주거안정자금 지원 : 마포 징검다리주택 입주가구 등
income_unresolved,WLF00002021,산모신생아 건강관리 지원사업,none,,,,산모신생아 건강관리 지원사업 서울시 모든 출산가정에 산모신생아 건강관리사를 파견하여 산모의 산후 회복과 신생아 양육을 지원하고 출산가정의 경제적 부담 경감 서울시 모든 출산가정 소득기준 없음(서울시 모든 출산가정)
income_unresolved,WLF00002110,장애인활동 추가지원(구비추가사업),none,severe,,,"장애인활동 추가지원(구비추가사업) 신체적 정신적 이유로 원활한 일상생활과 사회활동이 어려운 중증장애인에게 활동지원서비스를 제공함으로써 장애인의 자립생활과 사회참여를 증진시키고, 장애인 가족의 부담을 줄임으로써 장애인의 삶의 질을 높이고자 함 은평구 거주 활동지원수급자(만 6세 이상) 종전 종합점수 중 X1(기능제한) 영역, 소득수준 등 우선순위에 따라 수급자격심의위원회에서 선정"
income_unresolved,WLF00002205,저소득 노인가구 국민건강보험료 지원,none,,,,"저소득 노인가구 국민건강보험료 지원 저소득 빈곤 노인층 건강보호에 기여하고자 함 「국민건강보험법」에 따른 보험료 부과금액이 보건복지부장관이 고시한 지역가입자의 월별 보험료액의 하한액(2025년 기준 22,341원) 이하인 만 65세 이상 강남구 거주 노인가구로 국민건강보험공단에서 통보된 자 「국민건강보험법」에 따른 보험료 부과금액이 보건복지부장관이 고시한 지역가입자의 월별 보험료액의 하한액(2025년 기준 22,341원) 이하인 만 65세 이상 강남구 거주 노인가구"
income_unresolved,WLF00002229,생활곤란 국가유공자 격려(월동대책비),none,,,,생활곤란 국가유공자 격려(월동대책비) 나라를 위해 희생 공헌한 보훈대상자 중 생활이 어려운 저소득 보훈대상자에게 따뜻한 겨울을 보낼수 있도록 월동 대책비를 지원하고자 함 1)사업대상 - 국가보훈대상자 중 부양가족이 없는 세대(독거노인 등) - 생계가 어려운 저소득 보훈대상자 (생활등급 8등급 이하) 생활이 어려운 저소득층 국가유공자
income_unresolved,WLF00002251,장애인활동지원 구비추가지원 사업,none,severe,,,"장애인활동지원 구비추가지원 사업 국고보조 활동지원급여 지원시간이 부족해 일상생활과 사회생활에 어려움이 있는 장애인에게 구비로 활동지원급여 시간을 추가 지원하여 장애인의 자립생활 및 사회참여를 증진 최중증장애인, 발달장애인 등 .국민연금공단 종합조사 결과 신체기능제한 점수 높은 순 선정가구유형, 가족의 사회생활 여부, 소득기준 등 고려 선정"
income_unresolved,WLF00002306,장수축하금 지원,none,,,,"장수축하금 지원 만 90세, 만 100세(노원구 거주기간 1년이상)자에 대하여 재산과 관계없이 장수축하금을 지급하여 노인의 보건 및 복지증진을 기하고 경로효친의 사회적 분위기를 조성하는데 필요한 사항을 규정함을 목적으로 한다 만 90세, 만 100세(노원구 거주기간 1년이상)자 노원구거주 1년이상 주민등록거주자 중 만90세, 만100세 생신 도래자"
income_unresolved,WLF00002308,서울특별시 송파구 저소득주민의 건강보험료 및 노인장기요양보험료 지원,none,,,,"서울특별시 송파구 저소득주민의 건강보험료 및 노인장기요양보험료 지원 저소득 노인의 국민건강보험료 및 노인장기요양보험료를 지원함으로써 구민의 건강증진과 복지향상을 도모하는 것을 목적으로 한다. 1) 지원대상 - 국민건강보험공단 송파지역가입자로서 건강보험료 부가금액이 보건복지부 장관이 정하여 고시한 지역가입자 월 보험료 하한 액 이하인 세대로, 주택 및 승용차 소유자는 제외한다 다음 각 호의 어느 하나에 해당하는 세대(다만 법률에 의하여 지원을 받는 세대는 제외) - 만65세이상 노인세대 - 조손가정 - 한부모가족 - 만성질환자 또는 희귀난치성 질환자가 있는 세대 2) 선정기준 - 지원대상은 조례 제3조에 따라 저소득주민의 건강보험료 부과 금액이 보건복지부 장관이 정하여 고시한 지역가입자 월 보험료 하한액 이하"
severity_ambiguous,WLF00002443,저소득층 생활지원(건강보험료 지원),grade_mixed,unknown,,수시로 신청 받는자) - 65세 이상 노인세대 - 1-6급 등록장애인이 있는 세대 - 국가유공자 세대 -,"저소득층 생활지원(건강보험료 지원) 저소득 취약계층에게 국민건강보험료 및 장기요양 보험료 지원 1)지원대상 : 용산구에 거주하는 저소득 취약계층 주민 중 보험료 부과액이 최저보험료 이하인 자로 다음각 호에 해당하는자(단 신청자에 한하고 신규 대상자는 수시로 신청 받는자) - 65세 이상 노인세대 - 1-6급 등록장애인이 있는 세대 - 국가유공자 세대 - 한부모세대 2) 선정기준 -위 조건에 해당하면서 용산구 거주 지역건강보험료 최저보험료 이하인 자 중 신청자에 한함 건강보험료 최저보험료 이하(2025년 기준 19,780원)"
income_unresolved,WLF00002474,장애인활동지원 구비추가 지원사업,none,severe,,,"장애인활동지원 구비추가 지원사업 활동지원급여를 추가지원하여 중증장애인의 자립을 지원하고 돌봄가족의 부담을 감소 1.장애인활동지원 국고보조 대상자로 19세 이상 65세 미만의 장애정도가 심한 발달(지적 및 자폐성)장애인 ※ 학생, 직장인, 주간보호시설 이용자 제외2.희귀질환관리법 제2조에 따른 희귀질환자이면서 기능제한(X1) 점수 426점 이상인 독거 장애인 ※ 서울시 추가지원사업(월 350시간) 대상자 제외 1.장애인활동지원 국고보조 대상자로 19세 이상 65세 미만의 장애정도가 심한 발달(지적 및 자폐성)장애인 ※ 학생, 직장인, 주간보호시설 이용자 제외2.희귀질환관리법 제2조에 따른 희귀질환자이면서 기능제한(X1) 점수 426점 이상인 독거 장애인 ※ 서울시 추가지원사업(월 350시간) 대상자 제외"
income_unresolved,WLF00002506,저소득층 가정지원 사업(한부모가족 명절위문금),none,,,,저소득층 가정지원 사업(한부모가족 명절위문금) 명절을 맞아 법정급여 외 우리구 자체 급여인 명절위문금을 지급하여 어려운 이웃과 함께하는 훈훈한 명절을 만들고자 함 관내 저소득한부모가족(기초생계·의료급여 수급자 제외) 중위소득 기준 60%이하(청소년한부모 중위소득 기준 72%이하)
income_unresolved,WLF00002512,저소득 틈새계층 국민건강보험료 지원,none,unknown,,,"저소득 틈새계층 국민건강보험료 지원 국민기초생활보장법상의 수급권자가 아닌, 저소득 틈새계층 중 건강보험료를 납부하지 못하여 의료사각지대에 놓인 구민들에게 국민건강보험료를 지원함으로써 건강증진과 복지향상에 기여 1. 저소득 틈새계층으로서 국민건강보험공단 중랑지사의 지역가입자2. [국민건강보험법]에 따라 부과된 국민건강보험료가 보건복지부장관이 고시한 월별 보험료액의 하한액 이하인 세대로 다음 중 어느 하나에 해당하는 세대 1) 65세이상 노인 세대 2) 한부모가족 및 소년·소녀가정 세대 3) 등록장애인이 있는 세대 4) 국가유공자 세대 5) 만성질환자 또는 희귀난치성 질환자가 있는 세대 6) 그 밖에 보험료 지원이 필요하다고 서울특별시 중랑구청장이 인정한 세대 국민건강보험공단 중랑지사의 지역가입자 중 보건복지부"
income_unresolved,WLF00002615,장애인활동지원 구비추가 사업,none,severe,,,"장애인활동지원 구비추가 사업 신체적·정신적 장애 등의 사유로 혼자서 일상생활과 사회생활을 영위하기 어려운 최중증장애인에게 활동지원급여 구 추가사업을 통해 자립생활을 지원하여 생활의 안정을 제공하고 장애인의 삶의 질을 높이고자 함 1. 24시간 구비추가: 장애인 활동지원급여 및 시추가사업 수급자 중 X1(기능제한) 점수 360점 이상의 최중증 와상, 사지마비 독거 장애인2. 중증장애인 30시간: 장애인 활동지원급여 수급자 중 X1(기능제한) 점수 300점 이상의 최중증 독거 및 및 취약가구 장애인3. 성인 발달장애인 30시간: (구)활동지원급여 1~2등급 또는 X1(기능제한)점수 중 인지행동특성 30점 이상의 만 19세 이상 성인 발달장애인 장애1~3급 중 X1(기능제한) 300점 이상~360점 이상 및 (구"
income_unresolved,WLF00002617,신혼부부 임차보증금 지원사업,none,,,,신혼부부 임차보증금 지원사업 신혼부부의 주거비 부담 경감 및 주거안정성 강화를 위해 임차보증금 대출을 지원하여 주거배려 계층의 주거디딤돌 역할 마련 결혼 7년 이내 신혼부부 또는 6개월 이내 결혼예정인 예비신혼부부 부부합산 연소득 1억3천만원 이하
income_unresolved,WLF00002618,저소득주민 국민건강보험료 등 지원,none,unknown,,,저소득주민 국민건강보험료 등 지원 노령 등으로 인하여 생활에 어려움을 겪고 있는 저소득주민에게 국민건강보험료 및 노인장기요양보험료를 지원함으로써 구민들의 건강증진과 복지 향상을 도모. 국민건강보험공단 강서지사의 지역가입자 중 저소득주민으로서 국민건강보험료 부과금액이 월 최저 보험료 이하의 세대이면서 만 65세 이상 노인 세대 또는 등록장애인이 포함된 세대 국민건강보험공단 강서지사의 지역가입자 중 저소득주민으로서 국민건강보험법 제69조에 따른 건강보험료 부과금액이 보건복지부장관이 정한 최저보험료 이하인 다음 각 호의 어느 하나에 해당하는 세대. 1. 65세 이상 노인세대 2. 등록장애인이 있는 세대
income_unresolved,WLF00002627,저소득주민 생활안정 지원(건강보험료),none,unknown,,,"저소득주민 생활안정 지원(건강보험료) 관내 월 국민건강보험료 최저보험료('26년 기준 22,800원) 이하인 저소득주민을 대상으로 보험료를 지원하여 의료 복지서비스 지원 관내 국민건강보험료 지역가입자 중 건강보험료가 최저보험료('26년 기준 월 22,800원) 이하 납부자이면서 65세 이상, 장애인, 한부모, 만성질환자 중 법정저소득 해당하는 세대 건강보험료가 최저보험료 이하 납부자이면서 65세 이상, 장애인, 한부모, 만성질환 등록과 저소득자격 여부 확인"
income_unresolved,WLF00002637,청년 임차보증금 이자지원사업,none,,,,"청년 임차보증금 이자지원사업 서울시 내 주택에 임차하려는 청년에게 보증금을 위한 대출금 이자를 지원해줌으로서, 주거비를 감소시키는데 목적이 있음 만 19~39세이며, 연소득 5천만원 이하인 무주택세대주(기혼의 경우 연소득 6천만원 이하) □ 대상주택 등O 서울시 관내에 위치한 주택 또는 주거용 오피스텔로서, 해당 주택 등에 체결 및 체결예정인 임차보증금 3억원 이하, 월세 90만원 이하의 전세·월세계약O 건축물대장상 주택이 아닌 곳과 불법건축물, 다중 주택, 공공임대주택은 지원 불가 - 공공임대주택은 지자체, 공기업(LH공사, SH공사) 등 공공기관이 공급 및 지원하는 주택을 말함.서울시 역세권청년주택은 ‘민간임대주택’유형만 지원 가능"
income_unresolved,WLF00002714,저소득주민 건강보험료 지원사업,none,unknown,,,"저소득주민 건강보험료 지원사업 노령 등으로 인하여 생활에 어려움을 겪고 있는 저소득주민에게 국민건강보험료 및 장기요양보험료를 지원함으로써 구민의 건강증진과 복지향상을 도모함을 목적으로 함 월 보험료 부과금액이 「국민건강보험법 시행령」제32조에 따라 보건복지부장관이 고시하는 최저보험료인 국민건강보험공단 마포지사의 지역가입자로서 만65세이상 노인, 장애인, 한부모에 해당하는 세대(단, 다른 법령에 따라 지원받는 세대 제외) 월 보험료 부과금액이 최저보험료인 국민건강보험 지역가입자 중 (노인세대,장애인세대,한부모세대)"
income_unresolved,WLF00002729,으뜸관악 청년통장,none,,,,"으뜸관악 청년통장 청년의 경제적 자립 능력 함양, 근로의욕 고취 <2026년 으뜸관악 청년통장 신청자격>❍ 모집인원: 총 100명 ❍ 신청기간: 2026. 6. 8.(월)~6. 19.(금) 18:00 ※ 신청기간 외 접수 불가❍ 신청방법: 온라인 접수(PC에서만 신청 가능, 모바일 및 방문 신청 안됨)- 서울시 복지재단 자산형성지원사업 홈페이지: http://account.welfare.seoul.kr❍‘26. 5. 26. 기준 다음 ①∼⑤에 모두 해당하는 경우 신청 가능① 관악구 거주자 ※주민등록번호 부여자만 신청 가능(재외국인 및 재외국민 신청 불가) ※공고일부터 약정일까지 관악구에 주민등록이 계속 유지되어야 함② 18세~34세 청년 ※출생년월일이 1991. 1. 1.~2008. 12. 31.인 자 ※제"
income_unresolved,WLF00002754,장애인활동지원(구비추가) 사업,none,severe,,,장애인활동지원(구비추가) 사업 신체적·정신적 장애 등의 사유로 혼자서 일상생활과 사회생활을 하기 어려운 장애인에게 활동지원 급여를 제공하여 장애인의 자립생활을 지원하고 그 가족의 부담을 줄임으로써 장애인의 삶의 질을 높이고자 함 1) 종합조사 X1점수 300점이상 독거 장애인 2) 13세이하 자녀 양육 부모장애인(주양육자 1인에 한함)3) 만20세이상 종합조사 X1점수 248점이상 발달장애인4) 시설퇴소 장애인(특별지원급여 '자립지원' 종료 후 6개월 지원) 1. 기능점수(X1) 300점 이상인 독거 중증 장애인(30시간)2. 기능점수(X1) 248점 이상인 20세 이상 발달장애인(35시간)3. 13세 이하 자녀 양육 부모장애인 (주양육자 1인)(40시간)4. 거주시설 퇴소 장애인 (특별지원급여 자립지원 종
income_unresolved,WLF00002794,가정위탁아동 격려품 지원,none,,,,"가정위탁아동 격려품 지원 가정위탁아동이 따뜻한 이웃의 정을 느끼고 밝게 성장할 수 있도록 격려품 지원(설,추석,가정의 달,연말) 인당 문화상품권 5만원 지원 (1) 만 18세 미만의 아동(만 18세 이상인 경우에도 고등학교 재학 중인 아동은 포함)으로서 - 보호자가 없거나 보호자로부터 이탈된 아동 - 아동을 학대하는 경우 등 그 보호자가 아동을 양육하기에 적당하지 아니하거나 능력이 없는 경우의 아동(2) 가정위탁보호조치 중인 만18세 이상 아동 중 일정한 요건 하에 위탁보호기간 연장 가능 (1) 가정위탁아동 선정기준 : 위 대상자 상세내용을 기준으로 함(2) 위탁가정 선정기준- 위탁아동 양육하기에 적합한 수준의 소득이 있을 것- 위탁아동에 대하여 종교의 자유를 인정하고 건전한 사회 구성원으로 자랄 수 있도록"
income_unresolved,WLF00002796,장애인활동지원 구비추가지원,none,unknown,,,"장애인활동지원 구비추가지원 신체적·정신적 장애 등의 사유로 혼자서 일상생활과 사회생활을 하기 어려운 장애인에게 제공하는 활동지원급여 등에 관한 사항을 규정하여 장애인의 자립생활을 지원하고 그 가족의 부담을 줄임으로써 장애인의 삶의 질을 높이는 것을 목적으로 함. ○ 대 상 : 74명 - (최중증 150시간) 7명, (발달 30시간) 35명, (취약계층 20시간) 30명, (자립생활주택 50시간) 2명○ 예 산 : 580,272천원(2026년 6월 기준) 국고보조 활동지원서비스로도 일상생활이 어려운 경우 매년 1회 신청접수하여 선발(선정기준표)"
income_unresolved,WLF00002816,장애인단체명절위문금 지급,none,unknown,,,"장애인단체명절위문금 지급 장애인단체에 위문금을 지급하여 장애인 단체의 합리적 운영을 도모하고자 함 1)지원대상 양천구 관내 저소득 장애인2)선정기준 - 관내 저소득 등록장애인 중 단체장 추천자 - 단, 기초수급자 및 차상위계층 제외(타부서 지원중복) 저소득 장애인"
income_unresolved,WLF00002828,장애인 명절위문품 지원,none,unknown,,,"장애인 명절위문품 지원 지역에서 소외된 장애인들에게 명절위문품을 지급하여 명절준비에 대한 경제적 부담을 덜고자 함 1) 지원대상 - 장애인단체 회원 등 저소득 장애인 2,000세대 2) 선정방법 - 장애인단체총연합회에서 저소득 회원 선정"
income_unresolved,WLF00002829,장애인활동지원 구비추가지원 사업,none,severe,,,"장애인활동지원 구비추가지원 사업 장애인활동지원 구비추가지원을 통하여 기존 장애인활동지원 제도에 대한 보충적 역할의 강화와 24시간 돌봄체계 토대 구축 및 확대하여 장애인의 자립생활 및 사회참여 기회의 증진과 장애인가족의 부담을 경감하고자 함 1. 장애인활동지원(국비) 이용자 중 19세 이상으로 종합조사 X1(기능제한)영역 합산점수가 360점 이상인 독거 또는 취약가구2. 장애인활동지원(국비) 이용자 중 19세 이상 발달장애인(부장애 포함)으로 종합조사 X1(기능제한)영역 중 인지행동특성(환각망상, 조울상태 제외) 점수가 70점 이상인 자 - 활동지원 시비추가지원 대상자 제외 종합조사 X1(기능제한)영역 점수※ 구비지원 종합점수 기준 선정 방식 ○ 중증장애인: X1(기능제한)영역의 합산점수가 360점 이상인 "
income_unresolved,WLF00003115,학교 밖 청소년 교통비 지원,none,,,,"학교 밖 청소년 교통비 지원 진학이나 학업을 중단한 청소년과 은둔형 학교 밖 청소년이 소외되거나 경제적 어려움을 겪지 않도록 교통비를 지원하여 건강한 사회구성원으로 성장할 수 있도록 하고자 함. 강동구에 주민등록이 되어 있는 9세 ~ 18세 학교 밖 청소년 □ 대 상: 강동구에 주민등록이 되어 있는 9세~18세 학교 밖 청소년 ○ 청소년지원센터(꿈드림), 비인가 대안교육기관(타 시·도 포함) 등에 등록하여 반기별(상/하반기) 각 3회 이상 프로그램 참여가 확인된 청소년 - 비인가 대안교육기관 재학생의 경우 프로그램 참여자로 간주 ○ 경제적 어려움으로 학교 밖 청소년 지원기관 이용이 어려운 청소년 - 청소년이 속한 가구의 소득이 중위소득기준의 100% 이하인 경우(단, 꿈드림 기초상담 필수)"
income_unresolved,WLF00003168,(북한이탈주민)취업 지원,none,,,,"(북한이탈주민)취업 지원 북한이탈주민의 장기근속을 유도하기 위하여 취업장려금과 새출발장려금을 지급합니다. (취업장려금) 거주지보호기간(5년) 내 북한이탈주민 (새출발장려금) 취업장려금을 1년6개월 이하로 수급한 자로서 거주지보호기간(5년) 경과 후 취업한 북한이탈주민 * 2024.1.1 이후 신규취업자만 해당 취업지원 유형별 선정기준은 다음과 같습니다. (취업장려금) 거주지보호기간 동일한 업체에서 6개월 이상 계속하여 취업을 유지한 북한이탈주민에게 최장 3년 범위 내에서 지급 - 다만, 거주지보호기간 내에 취업하였으나 해당 취업기간 중 거주지보호기간이 종료된 경우에는 종료한 날로부터 최장 1년의 범위 내에서 동일 기업에 취업을 유지하는 경우에 한하여 취업장려금을 지급 (새출발장려금) 취업장려금 대상자 중 취"
income_unresolved,WLF00003173,장애인스포츠강좌이용권 지원,none,unknown,,,"장애인스포츠강좌이용권 지원 장애인 대상 스포츠 참여 기회를 제공하여 삶의 질 향상, 사회적 소외감을 해소하여 사회통합에 기여합니다. 5세~69세 등록 장애인을 지원합니다. * 단, 스포츠강좌이용권과 중복 지원하지 않습니다. 5세~69세 저소득층 장애인을 지원하며, 소득무관이나 저소득 및 유/청소년을 우선 선정합니다."
income_unresolved,WLF00003186,양육비 이행 원스톱 종합서비스,none,,,,"양육비 이행 원스톱 종합서비스 양육비를 받지 못해 어려움을 겪고 있는 미혼, 이혼 한부모가 양육비를 원활하게 지급받을 수 있도록 지원합니다. 「양육비 이행확보 및 지원에 관한 법률」에 따른 미성년 자녀를 직접 양육하고 있는 한부모, 조손가족, 기타 실질적 양육자 「한부모가족지원법」에 따른 자녀* 양육 한부모·조손가족 * 취학 중인 22세 미만 자녀, 군복무 후 복학한 자녀(22세 미만 + 군 복무기간) 양육 한부모·조손가족 * 이혼한 부모뿐만 아니라 미혼모·미혼부도 지원 소득, 재산 정도 등에 상관없이 한부모가족(조손가족), 기타 실질적 양육자를 지원합니다. 「한부모가족지원법」상 지원대상자가 아니어서 한부모가족증명서가 발급되지 않는 한부모가족도 지원대상에 해당됩니다."
income_unresolved,WLF00003189,중증장애인직업재활지원,none,severe,,,"중증장애인직업재활지원 사각지대 없는 촘촘한 직업재활서비스 제공을 통해 중증장애인의 자립기반을 마련하고 사회참여 증진을 도모합니다. 15세 이상 등록장애인을 대상으로 합니다. '직업적응훈련' 대상자는 다음과 같습니다. 15세 이상의 장애인으로서 직업생활 및 직업환경에 대한 심리적, 기능적인 적응력의 향상이 필요한 자 지원고용, 일반취업 및 상위기관으로 이동하기 위해서 직업적응훈련이 필요한 자 '직업적응훈련수당' 지급 대상자는 다음과 같습니다. 한국장애인개발원이 훈련과정을 승인한 직업능력개발훈련 실시기관에 재학 중인 훈련생으로서 - 등록장애인 - 실업급여 수급자격이 없는 자- 매월 단위의 출석일수가 소정출석일수의 80% 이상인 자(훈련준비금, 자격 취득수당 예외)"
income_unresolved,WLF00003203,사망일시금,none,,,,"사망일시금 독립(국가)유공자, 보훈보상대상자 및 그 유족이 사망한 경우 생활 안정과 복지 향상을 위하여 사망일시금을 지원합니다. 보상금을 받고 있는 독립(국가)유공자 및 보훈보상대상자 본인 사망 시 사망일시금을 지급합니다. 보상금지급순위에 따른 유족에게 지급 위의 유족이 없을 경우에는 사망 당시 생활을 같이 하고 있던 친족 중 재산상속인이 될 자의 신청에 따라 당해 재산상속인에게 지급 위의 재산상속인이 될 자도 없는 경우에는 장제를 행하는 자에게 지급할 수 있음 보상금을 받고 있는 독립(국가)유공자 및 보훈보상대상자의 유족 사망 시 사망일시금을 지급합니다. 더이상 보상금을 받을 유족이 없는 경우에 한하여 지급 사망 당시 생활을 같이 하고 있던 친족 중 재산상속인이 될 자의 신청에 따라 당해 재산상속인에게 지"
income_unresolved,WLF00003207,영농도우미 지원,none,,,,"영농도우미 지원 사고, 질병 농가에 영농도우미를 지원하여 안정적인 영농활동을 통한 농가소득 증대를 도모합니다. 본인 또는 자녀가 사고를 당했거나 질병발생 및 통원치료 등으로 영농활동이 곤란한 농업경영체(법인제외)로 농지 경작면적 5ha미만인 경영주 및 경영주외 농업인을 대상으로 다음 요건을 충족하여야 합니다. 2026년 기준 2016.1.1. 이후 출생한 자녀(주민등록 기준) 해당 &#9312; 사고 또는 질병으로 2주 이상 진단을 받았거나 3일 이상 입원한 경우 &#9313; 4대 중증질환(암, 심장질환(고혈압 제외), 뇌혈관질환, 희귀난치성질환) 진단을 받은 자로 해당 질환으로 최근 6개월 이내 통원치료를 받은 경우 &#9314; 제1&sim;2급 법정감염병 확진자 또는 접촉한 자로 의료기관으로부터 통보"
income_unresolved,WLF00003214,재해위로금지급,none,,,,"재해위로금지급 자연재해로 인명, 재산상 피해를 입은 국가유공자 등 보훈가족을 위로하고 재해복구의지를 고취시키기 위하여 재해위로금을 지급합니다. 자연재해로 인명, 재산상 피해를 입은 다음의 대상자에게 재해위로금을 지급합니다. - 「독립유공자예우에 관한 법률」제4조에 따른 독립유공자 또는 동법 제5조의 유가족 중 선순위자 1명 - 「국가유공자 등 예우 및 지원에 관한 법률」제4조 적용대상자 또는 동법 제5조의 유가족 중 선순위자 1명 - 「참전유공자 예우 및 단체설립에관한 법률」제3조 적용대상자 - 「5.18민주유공자예우에 관한 법률」제4조 적용대상자 또는 동법 제5조의 유가족 중 선순위자 1명 - 「특수임무유공자 예우 및 단체설립에 관한 법률」제3조 적용대상자 또는 동법 제4조의 유가족 중 선순위자 1명 - "
income_unresolved,WLF00003215,한센인 피해자지원,none,,,,"한센인 피해자지원 한센인 피해사건에 대한 진상을 파악하고, 피해자에게 의료지원과 위로지원금을 지원하여 생활 안정을 도모합니다. 한센인피해사건진상규명위원회에서 피해자로 결정한 사람을 지원합니다. 「한센인피해사건의 진상규명 및 피해자 지원 등에 관한 법률」에 따라 위원회의 심의·의결로 결정된 피해자(생존자 본인에 한함)를 (위로지원금) 소득에 관계없이 한센인 피해자로 결정된 모든 한센인 (의료지원금) 위원회에서 의료지원금 지급을 결정한 자 지원대상의 내용을 참고해주시기 바랍니다."
income_unresolved,WLF00003222,버팀목전세자금대출,none,,,,"버팀목전세자금대출 무주택세대주의 주택전세자금 융자를 통해 주거안정을 지원합니다. 아래의 요건을 충족하는 무주택 세대주는 주택전세자금 융자 신청이 가능합니다. 부부합산 연소득 5천만원 이하(2자녀이상 가구 연소득 6천만원, 신혼가구 연소득 7.5천만원, 출산가구 연소득 1.3억원(맞벌이 2억원)) 이하) 순자산가액 3.45억원 이하 무주택 세대주 지원대상의 내용을 참고해주시기 바랍니다."
income_unresolved,WLF00003226,"모성보호육아지원(출산전후휴가(유산ㆍ사산휴가 포함) 급여, 육아휴직등 급여)",none,,,,"모성보호육아지원(출산전후휴가(유산ㆍ사산휴가 포함) 급여, 육아휴직등 급여) 출산전후 휴가급여, 육아휴직급여, 난임치료휴가급여 등의 지급을 통해 일과 가정의 양립을 지원하고 모성보호를 도모합니다. 출산전후휴가(유산ㆍ사산휴가 포함), 육아휴직 및 육아기 근로시간 단축, 배우자 출산휴가, 난임치료휴가를 사용한 근로자를 지원합니다. 고용보험 가입한 예술인·노무제공자로서 출산 여성을 지원합니다. 출산전후휴가(유산ㆍ사산휴가 포함) 대상자(아래 요건 모두 충족)는 다음과 같습니다. 「근로기준법」 제74조에 따른 출산전후휴가 또는 유산ㆍ사산휴가를 사용한 근로자 휴가가 끝난 날 이전까지의 피보험 단위기간이 통산하여 180일 이상 휴가를 시작한 날 이후 1개월부터 휴가가 끝난 날 이후 12개월 이내에 신청 예술인/노무제공자 "
income_unresolved,WLF00003235,입양아동 양육수당 지원,none,unknown,,,"입양아동 양육수당 지원 입양아동 양육수당 지원을 통해 입양가정의 경제적 부담을 완화하여 국내입양 활성화 및 아동의 건전한 육성을 도모합니다. 「입양특례법」상 허가를 받은 입양기관을 통해 법에서 정한 요건과 절차를 갖추어 국내에 입양한 가정에 지원합니다. 「입양특례법」의 요건과 절차를 갖춰 국내입양한 가정에 입양아동이 만 18세가 될 때까지 지원합니다. 만 18세가 될 때까지 지원, 단 중지일(생일)이 속하는 달의 급여는 전액 지급 장애아동 양육보조금과 동시 지급 가능 민법에 의한 입양아동 및 해외이주신고로 주민등록이 말소된 자는 지원대상이 아닙니다."
income_unresolved,WLF00003241,노후긴급자금 대부사업,none,,,,"노후긴급자금 대부사업 만 60세 이상의 국민연금 연금수급자에게 전월세보증금, 의료비(배우자 포함),배우자 장제비 및 재해복구비 용도의 긴급한 생활안정자금을 저리로 지원합니다. 만 60세 이상의 국민연금 수급자를 대상으로 합니다. 지원대상의 내용을 참고해 주시기 바랍니다."
income_unresolved,WLF00003244,국민임대주택공급,none,unknown,,,"국민임대주택공급 무주택 저소득층(소득 1~4분위 계층)의 주거안정을 위해 국민임대주택을 공급합니다. 입주자모집공고일 현재 무주택세대구성원으로 소득 및 자산보유기준을 충족하는 사람을 대상으로 합니다. 무주택세대구성원으로 아래 소득요건을 충족하여야 합니다. - 소득 : 도시근로자 월평균 소득의 50%, 70%, 100% 이하(면적에 따라 상이) - 총자산 : 가계금융복지조사에 따른 소득3분위의 순자산 평균값 이하 - 자동차 : 3천5백만원에 국가데이터에서 발표하는 전년도 운송장비 소비자물가지수를 곱하여 산정한 금액 이하 우선공급 대상자는 다음과 같습니다. - 사업지구 철거민 등 - 사회보호계층 등* - 미성년자인 3명 이상의 자녀가 있는 세대주 - 영구임대주택 퇴거자 - 비닐간이공작물거주자 등 - 신혼부부(혼인"
income_unresolved,WLF00003249,장애인연금,none,severe,,,"장애인연금 장애로 인하여 생활이 어려운 중증장애인에게 매월 일정금액의 연금을 지급하여 생활안정 지원과 복지 증진 및 사회통합을 도모합니다. 18세 이상의 등록한 중중장애인 중 소득인정액이 보건복지부장관이 매년 결정·고시하는 금액 이하인 경우에 지원합니다. 장애인연금법상의 중증장애인 : 장애정도판정기준(5장)에 따른 장애유형별 의학적 판정기준에 해당하는 사람이거나 장애정도를 2개 이상 받은 장애인으로서 그 장애정도 중 하나가 심한 사람 근거 :「장애인연금법」 제2조제1호, 「장애인연금법」 시행령 제2조, 장애정도판정기준(제5장 장애인연금 수급을 위한 중증장애인 판정기준) 소득인정액, 연령, 기타 기준은 선정기준의 내용을 참고해주시기 바랍니다. 신청하는 달을 기준으로 18세 이상을 대상으로 합니다.(신청일이 속"
income_unresolved,WLF00003251,산림보호지원단,none,unknown,,,"산림보호지원단 산림보호 분야의 안정적인 일자리 창출로 취업 취약계층을 지원하고, 불법산림훼손 계도, 감시 및 산림정화활동을 통해 건전한 산림생태계를 유지합니다. 신청일 현재 만 18세 이상인 자를 대상으로 합니다. ※ 고교·대학(이하 &ldquo;2년제·3년제 대학과 대학원을 포함 한다&rdquo;) 재학생은 신청자격 제한(다만, 야간대학생 및 6개월 이상 장기 휴학생은 제외) 저소득층, 장애인, 6개월 이상 장기실업자 등 취업취약계층 우선선발 지원대상의 내용을 참고해주시기 바랍니다."
income_unresolved,WLF00003253,가정양육수당 지원사업,none,,,,"가정양육수당 지원사업 가정에서 아이를 돌보는 가정 양육 시, 부모의 자녀 양육에 대한 부담을 줄이고 보육 서비스에 대한 선택권을 보장합니다. 어린이집·유치원(특수학교 포함)·종일제 아이돌봄서비스 등을 이용하지 않고 가정에서 양육되는 영유아로서 초등학교 미취학 24개월 이상~86개월 미만 아동을 대상으로 지원합니다.※ 부모급여 도입에 따라 0~23개월 아동은 부모급여를 지원하고, 24개월 이상부터 가정양육수당 지원 초등학교 취학년도 2월까지(최대 86개월 미만) 지원합니다. 소득 수준에 상관없이 지원합니다. 서비스의 변경(예: 양육수당 &harr; 보육료 등)을 원할 때에는 반드시 '변경신청절차'를 완료하여야만 변경된 서비스를 지원받으실 수 있습니다.※ 서비스 변경 시, 지원 기준이 상이할 수 있으므로 사전에"
income_unresolved,WLF00003260,장애인활동지원,none,unknown,,,"장애인활동지원 혼자서 일상생활과 사회생활을 하기 어려운 장애인에게 활동보조서비스를 제공하여 자립생활을 지원하고 사회참여를 도모합니다. 장애인 활동지원급여 신청자격은 다음과 같습니다. 6세 이상 ~ 64세 등록장애인 중 활동지원 서비스지원 종합조사 결과 활동지원등급 판정을 받은 사람 장애인활동지원서비스를 받는 도중에 65세가 도래하여 장기요양인정 신청을 하였으나 등급외 판정을 받아 장기요양 수급자에서 제외된 장애인 시설 입소, 의료기관 입원 및 교정시설 또는 치료감호시설에 수용 중인 자가 퇴소 또는 퇴원을 앞두고 있어 활동지원이 필요한 경우 소득기준과 무관하게 신청이 가능합니다. (관할 주민센터 문의) 지원대상의 내용을 참고해주시기 바랍니다."
severity_ambiguous,WLF00003265,장애수당,grade_mixed,unknown,50,. 18세 이상의 등록한 장애인 중 「장애인연금법」상 중증장애인이 아닌 국민기초생활보장수급자 및 차상위 계층에게 지,"장애수당 장애인연금 비수급 경증장애인을 대상으로 장애로 인한 추가적 비용을 보전하여 저소득 장애인 가구의 생활 안정을 도모합니다. 18세 이상의 등록한 장애인 중 「장애인연금법」상 중증장애인이 아닌 국민기초생활보장수급자 및 차상위 계층에게 지원합니다. 장애인연금법상 중증장애인이란? 장애인연금법 제2조 제1호, 같은 법 시행령 제2조, 장애정도 판정기준(보건복지부 고시 제2025-228호) 제5장 장애인연금 수급을 위한 중증장애인 판정기준에 해당하는 자 소득인정액, 연령, 기타 기준은 선정기준의 내용을 참고해주시기 바랍니다. 국민기초생활보장 수급자 및 차상위계층을 대상으로 합니다. 가구의 범위는 국민기초생활보장제도의 가구 범위와 동일하게 적용하며, 「가정 해체 방지를 위한 별도 가구 특례」적용이 가능합니다. "
income_unresolved,WLF00003271,내집마련 디딤돌 대출,none,,,,"내집마련 디딤돌 대출 무주택 세대주가 주택구입 자금을 빌릴 수 있도록 지원하여 주거 안정을 돕습니다. 부부합산 연소득 6천만원 이하(생애최초 주택구입자, 2자녀이상 가구는 연소득 7천만원, 신혼가구는 연소득 8.5천만원 이하, 출산가구는 연소득 1.3억원(맞벌이 2억원)이하), 순자산가액 5.11억원 이하 무주택 세대주를 대상으로 합니다. 선정기준은 지원대상의 내용을 참고해주시기 바랍니다."
income_unresolved,WLF00003949,미혼모부 양육비 지원사업,none,,,,미혼모부 양육비 지원사업 자녀를 직접 양육하는 미혼모부에게 우리구만의 특화된 사업으로 경제적 부담을 줄이고 자립할 수 있도록 지원하고자 함 한부모가족지원법 상의 한부모가족증명서 발급 대상자로서 동작구에 6개월 이상계속하여 주민등록을 두고 실제 거주하는 미혼모부(만 5세 이하 아동 양육)- 지급일 : 매월 25일 만 5세 이하 아동을 양육하는 미혼모부: 아동양육비 지원(한부모가족 책정대상)
income_unresolved,WLF00004357,국가보훈대상자 보훈예우수당 지급,none,,,,"국가보훈대상자 보훈예우수당 지급 ◆사업목적 : 동대문구에 거주하고 있는 국가보훈대상자 예우 및 지원 ◆지원대상 : 동대문구에 거주하고 있는 국가보훈대상자(단, 서울시 참전명예수당 수급자 제외) ◆신청방법 : 주소지 동주민센터에 신청서 작성 제출 ◆신청서류 : 국가유공자 보훈예우수당 지급신청서(구비서류 포함) ◆신청자격 : 본인 및 배우자(자녀) ◆지 급 : 신청한 달의 다음 달부터 지급 ◆지급방법 : 매월 25일경 본인 계좌입금 ◆지급금액 : 월 80,000원 * 동대문구에 주민등록을 둔 거주자로 국가보훈부에서 국가유공자(유족)로 등록된 각 대상자 ◆「국가유공자 등 예우 및 지원에 관한 법률」제6조에 따라 등록된 사람 ◆「독립유공자예우에 관한 법률」제6조에 따라 등록된 사람 ◆「참전유공자 예우 및 단체설립에"
income_unresolved,WLF00004360,산모·신생아 건강관리 지원사업,none,,,,"산모·신생아 건강관리 지원사업 - 출산가정에 건강관리사를 파견하여 산모의 산후 회복과 신생아의 양육을 지원하고, 출산가정의 경제적 부담을 경감 - 산모·신생아 건강관리사 양성을 통해 사회적 일자리 창출 출산 후 90일 이내 관내 출산가정의 산모 및 신생아 기본지원대상 - 모든 출산가정(소득에 따라 지원금액 및 지원기간 차이)"
income_unresolved,WLF00004647,국민연금 출산크레딧,none,,,,국민연금 출산크레딧 출산에 대해 연금 가입기간을 추가로 인정하여 출산 친화 환경을 조성하고 여성의 연금 수급 기회를 확대합니다. 자녀(출산 또는 입양)가 있는 국민연금 가입자 또는 가입자였던자가 노령연금 수급권을 취득한 자를 대상으로 합니다. 지원대상의 내용을 참고해 주시기 바랍니다.
income_unresolved,WLF00004648,(산재근로자)케어센터지원,none,,,,"(산재근로자)케어센터지원 고령·중증의 산재장해인 대상 전문적 간병서비스 제공으로 안정된 생활 유지와 가족 간병부담 완화를 지원합니다. (경기케어센터) 입소가 결정된 날 현재 만 60세 이상의 자로 「산업재해보상보험법상」의 장해등급이 제1~3급에 해당하는 자 요양종결 후 장해등급 심사 중인 자 중 중증요양상태등급이 제1~3급에 해당하는 이력이 있는 자 또는 의사 소견상 간병서비스가 필요하다고 판단되는 자 (태백케어센터) 입소가 결정된 날 현재 만 60세 이상의 진폐장해인, 비진폐장해인(만성폐쇄성폐질환 급여수급자, 진폐의증자) 운영위원회의 결정이 있는 경우 만 60세 미만인 자도 입소 가능 지원대상 기준에 따르되, 다음 각 호의 사항을 종합적으로 판단하여 결정합니다. 부양의무자의 부양능력 신체적·정신적 상태 일"
income_unresolved,WLF00004651,직업능력개발운영(훈련수당),none,unknown,,,"직업능력개발운영(훈련수당) 장애인이 그 희망·적성·능력 등에 맞는 직업생활을 할 수 있도록 하기 위하여 장애인에게 직업능력개발훈련을 실시합니다. 15세 이상 장애인 중 직업능력개발훈련을 희망하거나 필요로 하는 사람을 지원합니다. 한국장애인고용공단 직업능력개발원 훈련생으로 정규훈련(융복합훈련, 특화훈련) 또는 1개월 이상이고 계획된 훈련시간이 120시간 이상인 맞춤훈련 과정 훈련생 - 「정규훈련」이란 장애인에게 해당 산업의 주요 직무에 보편적으로 적용되는 교과과정을 편성하여 실시하는 직업능력개발훈련- 「맞춤훈련 과정」이란 기업의 실제 훈련수요에 맞게 학생을 모집하고, 공단 직업능력훈련 기관과 사업주 또는 사업주단체가 훈련직종, 훈련수준, 훈련방법 등에 관한 사항에 대하여 약정을 체결하여 훈련을 실시하고, 약정"
income_unresolved,WLF00004850,임신부 가사돌봄 서비스,none,,,,"임신부 가사돌봄 서비스 임신부의 가정내 가사돌보미 파견, 가사서비스 등 지원 - 가사 돌봄서비스(청소, 설거지, 세탁, 정리정돈 등) - 임신부 돌봄서비스 (임신부 식사 및 간단한 반찬준비, 개인위생 보조) 중구 6개월 이상 주소 둔 모든 임신부(소득무관) 중구 6개월 이상 주소 둔 모든 임신부(소득무관)"
income_unresolved,WLF00005014,노인맞춤돌봄서비스 홀몸 어르신 인공지능(AI) 돌봄 서비스 지원,none,,,,노인맞춤돌봄서비스 홀몸 어르신 인공지능(AI) 돌봄 서비스 지원 홀몸 어르신의 돌봄 강화를 위해 인공지능 기술을 탑재한 돌봄기기를 지원하여 어르신의 정서 생활 지원 및 위급상황 대처를 위함 노인맞춤돌봄서비스 저소득 홀몸 어르신 대상 노인맞춤돌봄서비스 대상자
income_unresolved,WLF00005036,개인채무조정,none,,,,"개인채무조정 채무를 정상적으로 상환하기 어려운 분들을 대상으로 채무감면, 이자율 조정, 장기 분할상환 등의 채무조정을 통해 경제적으로 재기할 수 있도록 지원합니다. 「신용회복지원협약」을 체결한 금융회사에 대한 총 채무액이 15억원 이하(무담보 5억, 담보 10억)로, 최저생계비 이상의 수입이 있거나 채무상환이 가능하다고 위원회가 인정하는 채무자를 대상으로 지원합니다. 아래에 해당하는 경우, 지원이 제한됩니다. 신청 전 6개월 이내 신규로 발생한 채무 원금이 총 채무 원금의 30% 이상인 채무자 재산을 도피·은닉하거나 고의로 책임재산의 감소를 초래한 채무자 채무부존재확인소송 중인 자 또는 분쟁상태에 있는 채무자 등 연체일수에 따라 다음의 개인채무조정 지원이 이뤄집니다. 신속채무조정(연체전채무조정) : 연체기간"
income_unresolved,WLF00005075,국민기초(생계·의료)보장가구 이사비용 지원사업,none,,,,"국민기초(생계·의료)보장가구 이사비용 지원사업 저소득 구민 생활에 밀접한 지원으로 복지 체감도 향상 기초생활 보장가구(생계 및 의료)중 광진구로 가구원 전체가 전입한 가구 - 2023. 1. 1. 이후 가구원 전체가 광진구 전입 가구- 시설수급자(공동생활 가정, 보장시설 입소자) 제외"
income_unresolved,WLF00005246,한부모가족 유급 자녀돌봄휴가비 지원,none,,,,"한부모가족 유급 자녀돌봄휴가비 지원 혼자서 자녀를 키우며 일, 육아 병행으로 어려움을 겪는 한부모가족에게 자녀돌봄휴가비를 지원하여 자녀양육과 경제활동 유지에 도움을 주고자 함 성동구 거주 저소득 한부모 중 근로자 -「한부모가족지원법」복지급여 소득기준 이하인 한부모 중 만 18세 미만 자녀 (조손가정의 경우는 손자녀)를 양육하는 한부모 ○ 성동구에 거주하는 저소득 한부모 가족 중 만 18세 자녀(조손가정의 경우는 손자녀)를 양육하는 한부모 근로자 - ’25. 1. ~ 현재 성동구에 거주하는 한부모가족 - 한부모가족 신규 책정자의 경우 신청일이 속한 달부터 신청 자격 부여○ ’25. 1. 1. 이후 자녀 양육을 위해 남녀고용평등법상 가족돌봄휴가를 무급으로 사용한 경우 ※ 「남녀고용평등법」제22조의2제2항에 따른"
income_unresolved,WLF00005409,장애인 버스요금 지원,none,unknown,,,장애인 버스요금 지원 장애인 교통비 부담 경감 및 사회참여 활성화 서울시에 주민등록을 두고 있는 6세 이상 등록장애인※ 장애인복지법 제32조에 따른 등록장애인으로 서울시에 거소지 또는 체류지를 둔 6세 이상 등록외국인(재외동포 및 외국인) 소득재산 해당없음
income_unresolved,WLF00005442,긴급돌봄 지원사업,none,unknown,,,"긴급돌봄 지원사업 질병, 부상, 주 돌봄자의 갑작스러운 부재(사망, 입원 등), 재난피해 등 돌봄 공백을 신속히 보완해 국민의 돌봄불안을 해소합니다. 질병, 부상, 주 돌봄자 부재 등으로 긴급하고 일시적 돌봄지원이 필요하나 기존 서비스로 돌봄을 받기 어려운 국민 (기본 요건) 대상자는 ❶긴급성(한시성), ❷돌봄 필요성, ❸보충성(他 서비스 이용자 제외) 세 가지 요건을 모두 충족하여야 함 - (긴급성) 예기치 못한 질병․수술․사고 발생, 주 돌봄자 부재, 재난피해 등 갑작스럽게 위기 상황이 발생한 경우로 한시적 지원으로 돌봄 공백을 해소할 수 있는 경우 - (돌봄 필요성) 독립적으로 일상생활 수행이 불가능하고 돌볼 수 있는 가족 등이 없는 경우 - (보충성) 갑작스러운 돌봄 위기를 기존의 다른 공적 돌봄서비"
income_unresolved,WLF00005447,산재근로자 보험급여,none,,,,산재근로자 보험급여 산재근로자 혹은 그 유족의 생활안정 및 사회복귀를 위한 보험급여를 지급합니다. 업무상 재해를 당하거나 사망한 근로자와 그 유족을 대상으로 지원합니다. 지원대상의 내용을 참고해주시기 바랍니다.
income_unresolved,WLF00005531,장애인활동지원 구비추가,none,unknown,,,장애인활동지원 구비추가 장애인활동지원 수급자 중 활동지원시간이 부족한 수급자에세 구비추가 급여를 지원하여 사회활동 및 일상생활 지원을 제공하는 등 장애인의 삶의 질을 높이고자 함 장애인활동지원 수급자 중 18~64세 발달장애인(최중증 독거 장애인 2명-신규모집 중단) 18~64세 발달장애인
income_unresolved,WLF00005572,도봉형 청년 전세보증금반환보증 보증료 지원 사업,none,,,,도봉형 청년 전세보증금반환보증 보증료 지원 사업 국토교통부 전세보증금반환보증 사업의 청년 대상 연령을 보완하여 도봉구 40~45세 청년에게 보증료를 지원하고자 함 40~45세 도봉구 청년 무주택자 국토교통부 전세보증금반환보증 보증료 지원사업 지원 기준과 동일 - 연령기준 : 40~45세 청년 - 주소기준 : 도봉구 거주 무주택자 - 주택기준 : 임차보증금 3억원 이하 주거용 주택 임차인 - 소득기준 : 연소득 6천만원 이하 - 보험기준 : 신청일 기준 유효한 반환보증 가입자* 도봉구 가족정책과 <중장년1인가구 전월세보증금반환보증료 지원사업>은 국토교통부 지원대상 전 연령 확대에 따라 중복성이 있어 사업 미추진 결정함으로써 본 사업과 중복되지 않음
income_unresolved,WLF00005630,모든 임산부 임신축하금 지원,none,,,,모든 임산부 임신축하금 지원 임신한 대상자에게 임신축하금을 지급함으로써 출산장려 분위기 조성하여 출산율 향상에 기여 출산예정일 기준 1년 전부터 신청일 현재까지 계속하여 구에 주민등록 두고 실제 거주하고 있는 임산부(출산 전 신청) 소득기준 없음
income_unresolved,WLF00005645,서대문구 아빠 육아휴직장려금 지원사업,none,,,,"서대문구 아빠 육아휴직장려금 지원사업 남성양육자의 육아휴직을 장려하여 양육참여도를 높여 양성평등한 육아환경 구축 및 육아친화적인 사회적 환경 분위기 조성하기 위함입니다. 연속해서 현재까지 1년 이상 서대문구에 거주한 고용보험 육아휴직급여 남성수급자를 지원합니다.단. 「고용보험법」에 의한 육아휴직급여를 수령하지 않는 자(공무원, 자영업자, 예술인 등) 또는 동일한 휴직기간으로 고용노동부 6+6 부모육아휴직특례를 지원받은 자는 제외됩니다. (6+6 부모육아휴직특례급여의 경우 종료 후 지원 가능) 연속해서 현재까지 1년 이상 서대문구에 거주한 고용보험 육아휴직급여 남성수급자를 지원합니다. 육아휴직 대상 자녀도 서대문구에 동시에 주민등록이 되어있어야 합니다."
income_unresolved,WLF00005853,장애인 개인예산제 운영,none,unknown,,,"장애인 개인예산제 운영 장애인의 선택권 강화, 서비스 칸막이를 제거하여 탄력적으로 서비스를 이용할 수 있도록 지원합니다. 장애인활동지원서비스, 발달장애인서비스(성인 주간활동, 청소년 방과후 활동), 발달재활서비스 수급자를 대상으로 지원합니다. 시범사업 참여 지자체 33개 지역('26년기준) 내 장애인 활동지원서비스, 발달장애인 서비스(주간, 청소년 활동), 발달재활 서비스의 4개 바우처 수급권자 중 당사자 의사결정으로 장애인 개인예산제 시범사업 참여 신청으로 연구기관(선정위원회)에서 선정(장애유형, 연령, 수급이력 등 고려) 지원대상의 내용을 참고해 주시기 바랍니다."
income_unresolved,WLF00005864,서울시 1인 자영업자 등 임산부 출산급여 지원,none,,,,서울시 1인 자영업자 등 임산부 출산급여 지원 1인 자영업자등의 모성보호와 경제적 부담 완화 지원대상출산(유·사산)한 1인 자영업자 및 프리랜서 등 임산부자격요건① 고용노동부 ‘고용보험 미적용자 출산급여’ 수혜자② 신청일 기준 서울시 거주 및 출생자녀 서울시 출생신고③ 출산일로부터 1년 이내 신청 지원자격 검증 후 지원준비서류① 고용보험 미적용자 출산급여 지급결정통지서(직인 포함) 필수 ※ 발급방법 (문의 대표전화 국번없이 1350) - 고용24(https://work24.go.kr) 인터넷 발급 * 고용24 마이페이지 → 1. 민원신청 현황 조회 클릭 → 2. 급여신청서 상세화면에서 스크롤 내리기 → 3. 하단 화면에서 통지서 출력 버튼 클릭 - 관할관서 방문 ★ 관서 찾기 https://www.moel.
income_unresolved,WLF00005866,서울시 1인 자영업자 등 배우자 출산휴가급여 지원,none,,,,"서울시 1인 자영업자 등 배우자 출산휴가급여 지원 자영업자 등의 모성보호와 경제적 부담 완화 신청일 기준 주민등록상 서울에 거주하는 출산한 배우자를 둔 1인 자영업자, 프리랜서, 노무제공자 등① 배우자가 출산한 날부터 2026년 출생아는 120일 이내, 2025년 출생아는 90일 이내에 배우자 출산휴가 사용② 출생자녀 서울에 출생신고③ 신청일 기준 지원대상자, 출생자녀 주민등록상 서울 거주④ 출산일 이전 18개월 중 3개월 이상 소득활동이 있는 경우· 예외적으로 배우자 출산일 이전 3개월 보조인력을 고용하거나 배우자 출산휴가 기간 중 대체인력을 고용한 경우는 지원· 배우자의 출산일 기준 피고용인이 없는 단독 및 공동사업자인 자영업자· 사실혼, 결혼이민자(비자 F-5-2, F-6)※ 서울특별시 출산 및 양육지"
income_unresolved,WLF00006026,서울시 중소기업 워라밸 포인트제 서울형 출산휴가급여 지원,none,,,,"서울시 중소기업 워라밸 포인트제 서울형 출산휴가급여 지원 '서울시 중소기업 워라밸 포인트제'는 서울시 소재 중소기업이 아이 키우기 좋은 기업으로 성장할 수 있도록 서울시 소재 중소기업에 양육친화, 일·생활 균형 실적에 따라 인센티브를 지원하는 사업입니다. '서울형 출산휴가급여 지원'은 '서울시 중소기업 워라밸 포인트제' 참여기업에 제공되는 인센티브 중 하나로, 서울시 중소기업 워라밸 포인트제 소속 출산휴가자의 출산휴가 마지막 30일에 대한 근로자 소득을 보전함으로써 출산휴가 기간에도 동일한 급여를 받을 수 있는 문화를 확산하고자 하는 사업입니다. '서울시 중소기업 워라밸 포인트제' 참여 기업에서 근무하는 출산휴가자를 지원합니다.※ 고용노동부 ‘출산전후휴가 급여’ 지급 결정된 출산휴가자에 한함 ■ 서울시 중소"
income_unresolved,WLF00006120,장애인직업재활시설 근로훈련장애인 동작형 보충수당 지원사업,none,unknown,,,"장애인직업재활시설 근로훈련장애인 동작형 보충수당 지원사업 장애인직업재활시설 내 근로훈련장애인의 처우개선 및 자립지원 (최저임금 적용제외 근로훈련장애인에 대한 자립생활 지원조례) 동작구 내 장애인직업재활시설에서 근로 또는 직업훈련을 받는 15세이상의 동작구 거주 근로훈련 장애인(주민등록상 동작구 계속거주 1년이상 경과한 자로서, 해당직업재활시설에서 근로훈련한지 3개월이 경과한 자 / 80% 이상출석한 자 등) ① 해당 직업재활시설에서 근로‧훈련한 지 1개월이 경과한 자 ② 근로장애인 중 근로시간이 최소 주15시간, 월60시간 이상인자 ③ 훈련장애인 중 훈련시간이 월평균 1일 4시간 이상인 자 ④ 훈련장애인 중 지급 단위기간(월) 내에 직업훈련과정에 출석한 일 수가 공휴일 및 휴일을 제외하고 80%이상 출석한 "
income_unresolved,WLF00006212,환경오염피해 구제급여,none,,,,"환경오염피해 구제급여 환경오염피해자의 환경오염으로 인한 피해 입증 및 손해배상이 어려운 피해자들에게 신속하고 실효적인 피해구제를 통해 경제적인 부담을 줄여줍니다. 환경오혐피해 구제란? 원인자가 존재하지않거나 배상능력이 없어 환경오염피해의 전부 또는 일부를 배상받지 못하는 피해자에 대해 구제급여 적합여부 등을 검토하여 구제급여를 지급하는 제도입니다. * 단, 해당사업자가 받은 피해와 해당 사업자의 종업원이 업무상 받은 피해는 제외 환경오염피해 구제급여 신청 대상은? 환경오염 피해로 인한 생명, 신체 및 재산에 피해가 발생되었다고 의심되는 대상자 입니다. 환경오염피해 인과관계 판단기준을 충족하는 피해자에 대하여 중앙환경분쟁조정피해구제위원회에서 심의·결정합니다. 환경오염피해 배상책임 및 구제에 관한 법률 제23조"
income_unresolved,WLF00006228,푸른등대기부장학금,none,,,,"푸른등대기부장학금 저소득층 및 소외계층 가정 학생들을 위한 장학금 지원으로 인류 발전에 기여할 수 있는 우수인재 양성을 도모하고자 합니다. 고등교육법 제2조* 각 호의 규정에 따른 학교에 재학중인 학생을 대상으로 각 기부처별 장학생 선발자격을 충족하는 학생을 지원합니다.※ 단, 기술대학, 방송대학, 통신대학, 방송통신대학 및 사이버대학은 제외 지원대상의 내용을 참고해주시기 바랍니다."
income_unresolved,WLF00006229,"국민내일배움카드제 직업훈련지원(훈련비, 훈련장려금)",none,,,,"국민내일배움카드제 직업훈련지원(훈련비, 훈련장려금) 급격한 기술발전에 적응하고 노동시장 변화에 대응하는 사회안전망 차원에서 생애에 걸친 역량개발 향상 등을 위해 국민 스스로 직업능력개발훈련을 실시할 수 있도록 훈련비 등을 지원합니다. 75세 미만 모든 국민을 대상으로 지원합니다. 단, 현직 공무원, 사립학교 교직원, 졸업예정학년이 아닌 고등학교 재학생, 졸업까지의 수업연한이 2년을 초과하여 남은 대학 재학생, 연매출 4억원 이상의 자영업자, 월 임금 300만원 이상인 대규모기업종사자(45세 미만), 월평균소득 500만원 이상인 특수형태근로종사자 등은 제외 자세한 사항은 국민내일배움카드 운영규정 제4조(지원 및 지원제외) 참고 부탁드립니다. 지원대상의 내용을 참고해주시기 바랍니다."
income_unresolved,WLF00006249,해외취업 지원,none,,,,"해외취업 지원 해외 취업을 희망하는 청년을 대상으로 구인기업 맞춤 교육 제공 및 양질의 해외 취업 일자리 연계를 지원합니다. [해외통합정보망(월드잡플러스)] 해외취업을 희망하는 청년 [K-Move 스쿨] 대한민국 국민으로서 아래 요건에 해당하는 자 &#9312; 34세 이하*로 해외취업에 결격사유가 없는 자 (30% 범위 내에서 연령 초과하여 모집 가능) * 단, 군에 복무한 자에 대하여 1년 미만은 1세, 1년 이상 2년 미만은 2세, 2년 이상은 3세의 상한연령을 연장한다. &#9313; 구인업체가 요구한 채용조건(연령 등)에 부합하는 자 &#9314; 최종 학교(대학교 이하) 졸업자 또는 최종학년인 자로 연수 종료 후 졸업 및 해외취업이 가능한 자 [해외취업알선] 해외취업을 할 수 있는 합법적인 비자 "
income_unresolved,WLF00006250,농어촌 기본소득 시범사업,none,,,,"농어촌 기본소득 시범사업 소멸위기 지역 주민을 대상으로 기본소득 지급을 통해 주민 삶의 질 향상, 지역 경제 및 공동체 활성화 등 농어촌 인구감소 지역을 지원합니다. 시범사업 대상지역 10개 군(연천, 정선, 옥천, 청양, 장수, 순창, 곡성, 신안, 영양, 남해)에서 실거주하고 있는 주민을 대상으로 지원합니다. 지원대상의 내용을 참고해주시기 바랍니다."
income_unresolved,WLF00006263,저소득 지역가입자 보험료 지원,none,,,,"저소득 지역가입자 보험료 지원 경제적으로 취약한 저소득 지역가입자에 대해 국민연금 보험료의 일부를 지원하여, 국민연금 가입 기간 확보 및 지속 납입 독려를 통한 노후 소득의 보장을 강화합니다. 국민연금 지역가입자가 일정 수준의 재산 및 소득기준을 충족한 경우 지원대상이 되며 1인당 생애 최대 12개월까지 지원됩니다. (재산) 과세표준 6억원 미만 (소득) 종합소득 연 1,680만원 미만(사업+근로소득 제외) (기준소득월액) 80만원 미만 지원대상의 내용을 참고해 주시기 바랍니다."
income_unresolved,WLF00006264,생활안정자금(융자)(이차보전),none,,,,"생활안정자금(융자)(이차보전) 근로자, 특수형태근로종사자, 1인 자영업자가 혼례·자녀 양육 등을 대출할 대, 대출 이자의 일부를 근로복지공단이 지원해 금융부담을 완화합니다. 근로자, 특수형태근로종사자, 1인 자영업자(산재보험 가입 중소기업사업주) 중 각 요건 해당자 (재직요건) 신청일 현재 소속 사업장에 3개월 이상 근로 도는 산재보험 가입기간이 3개월 이상인 1인 자영업자(융자신청일이 속한 달의 직전달 말일에 고용된 근로자가 없는 사람에 한함) (소득요건) 월평균 소득이 3인가구 기준 중위소득 이하('26년 5,359,036원) * 소득요건은 은행에서 판단 지원대상의 내용을 참고해주시기 바랍니다."
income_unresolved,WLF00006268,불법사금융예방대출,none,,,,"불법사금융예방대출 불법사금융에 노출되기 쉬운 저신용·저소득 금융취약계층의 대출수요를 정책서민금융으로 흡수하기 위해 소액의 생계비를 긴급하게 지원합니다. 신용평점 하위 20%이면서 연소득 3,500만원 이하인 자 ※ 불법사금융예방대출 전용 금융교육 이수 또는 보건복지부 복지멤버십 가입 필수 지원제외대상 - 한국신용정보원에 체납정보, 금융질서문란정보가 등재된 자 지원대상의 내용을 참고해주시기 바랍니다."
income_unresolved,WLF00006270,중소기업 취업연계 장학사업 (희망사다리 I유형),none,,,,"중소기업 취업연계 장학사업 (희망사다리 I유형) 중소․중견기업 취업 및 창업을 희망하는 대학생에게 장학금을 지원합니다. 대한민국 국적자로 선발 학기 기준으로 사업 참여대학*에 재학 중인 자(대학 3학년 이상, 전문대 2학년 이상) * (사업 참여대학) 사업 참여 가능 대학** 중 중소기업 취업연계 장학사업에 참여 중인 대학** (사업 참여 가능 대학) 「고등교육법」 제2조 제1호(대학), 제2호(산업대학), 제4호(전문대학)에 해당하는 대학․산업대학․전문대학 및 특별법에 따라 설립된 대학 중 국립대법인, 과학기술원, 전통문화대, 한국농수산대, 한국에너지공과대학 선발기준 (신규 장학생) 학생 성적과 중소기업 취.창업 의지를 평가하여 대학별로 장학생을 추천하고 재단 심사 후 최종 선발 동점자에 대한 처리기준은 "
income_unresolved,WLF00006272,소상공인 특례 햇살론카드,none,,,,"소상공인 특례 햇살론카드 개인사업자가 최소한의 상환 능력을 충족하면 사업 경비 등 지출에 부담 없이 영업을 지속할 수 있도록 도움을 주고 경제적 재기를 지원합니다. 신용평점 하위 50%이하이면서 연간 가처분 소득 600만원 이상인 개인사업자를 대상으로 지원합니다. '26년 4월부터 KCB 875점 또는 NICE 889점 이하 햇살론 카드 필수교육 이수 또는 서금원 자영업 컨설팅 이수 필수 개인회생, 개인워크아웃, 새출발기금, 서금원 자체 채무조정 성실상환자의 경우 6개월 이상 성실 상환 시 공공정보 등재 시에도 신청가능 지원대상의 내용을 참고해주시기 바랍니다."
income_unresolved,WLF00006273,햇살론특례,none,,,,"햇살론특례 소득 증빙이 어렵거나 신용등급이 상대적으로 낮아 햇살론 일반보증을 이용하기 어려운 최저신용자를 제도권 금융으로 지원합니다. 개인신용평점 하위 20%이하이면서 연소득 35백만원 이하인 자를 대상으로 지원합니다. 개인회생, 개인워크아웃, 새출발기금, 서금원 자체 채무조정 성실상환자의 경우 6개월 이상 성실 상환 시 공공정보 등재 시에도 신청가능 지원대상의 내용을 참고해주시기 바랍니다."
income_unresolved,WLF00006274,햇살론일반,none,,,,"햇살론일반 제도권 금융기관 이용이 러여누 저신용·저소득자의 생계지를 지원하여 서민증의 경제적 자립·자활을 도모합니다. 소득증빙이 가능하며 연소득 3천5백만원 이거나, 또는 개인신용평점 하위 20%이하이면서 연소득 4천5백만원 이하인 자를 대상으로 지원합니다. * '26년 4월부터 KCB 700점 또는 NICE 749점 이하 개인회생, 개인워크아웃, 새출발기금, 서금원 자체 채무조정 성실상환자의 경우 6개월 이상 성실 상환 시 공공정보 등재 시에도 신청가능 지원대상의 내용을 참고해주시기 바랍니다."
income_unresolved,WLF00006275,햇살론카드,none,,,,"햇살론카드 신용카드 발급이 어려워 할부·포인트 등 이용혜택에서 소외된 저신용자 분들의 금융상품 선택권을 확대하고 건전한 소비로 이어질 수 있도록 지원합니다. 개인신용평점 하위 20%이하 중 개인신용카드를 미 보유 중이며, 연 가처분 소득이 연 600만원 이상인 자를 대상으로 지원합니다. * '26년 4월부터 KCB 700점 또는 NICE 749점 이하 햇살론 카드 필수교육(3과목) 이수 필수 개인회생, 개인워크아웃, 새출발기금, 서금원 자체 채무조정 성실상환자의 경우 6개월 이상 성실 상환 시 공공정보 등재 시에도 신청가능 지원대상의 내용을 참고해주시기 바랍니다."
income_unresolved,WLF00006276,서민금융진흥원 자영업 컨설팅,none,,,,"서민금융진흥원 자영업 컨설팅 미소금융 등 서민금융 이용자 또는 이용 요건을 갖춘 저신용 영세 자영업자를 대상으로 경영진단과 사업 솔루션 제공을 통해 사업 환경 개선을 도모합니다. 연소득 4,500만원 이하이면서 신용점수가 하위 20%에 해당하는 서민금융진흥원 및 서민금융 상품을 이용하는 자영업자이거나 창업예정자를 대상으로 지원합니다. 지원대상의 내용을 참고해주시기 바랍니다."
income_unresolved,WLF00006278,서민금융진흥원 소액보험(한부모가정의료보험),none,,,,"서민금융진흥원 소액보험(한부모가정의료보험) 경제적 기반이 취약하고, 불의의 사고로 마주할 수 있는 경제적 위기에 대응 할 수 있도록 보험계약의 체결·유지를 지원합니다. 한부모가족의 18세 미만 아동과 그 부양자 중 아래에 해당하는 자를 대상으로 지원합니다. 1.한부모가족 아동양육비 지원대상자 2. 생계/의료급여 대상자가 아닌 자 한부모가족증명서, 가족관계증명서(상세), 사회보장급여통지서(아동양육비 필수기재) 등 필수서류를 통해 자격요건 확인 지원대상의 내용을 참고해주시기 바랍니다."
income_unresolved,WLF00006288,서민금융진흥원 금융상품 알선,none,,,,"서민금융진흥원 금융상품 알선 서민 취약계층이 ‘몰라서’ 대부업, 불법사금융 등 고금리 대출을 이용하는 일이 없도록 맞춤형 민간 및 정책 서민금융상품을 안내하고 연계합니다. 소득, 신용 등에 맞는 맞춤형 금융상품을 알아보고자 하는 서민, 취약계층을 지원합니다. ※ 연계 금융상품별 지원 대상 상이 지원대상의 내용을 참고해주시기 바랍니다."
income_unresolved,WLF00006289,위기임신 및 보호출산 지원,none,,,,"위기임신 및 보호출산 지원 위기임산부가 원가정 양육을 할 수 있도록 임신.출산 및 양육 지원 제도 안내 등 상담을 진행하고, 불가피한 경우 의료기관에서 가명으로 진료를 받고 출산할 수 있도록 지원합니다. 임신 중이거나 분만 후 6개월 미만으로 출산 및 양육에 어려움을 격고 있는 위기임산부, 보호출산 산모, 보호출산 아동 및 아동의 생부를 대상으로 지원합니다. * 연령, 혼인여부, 소득 관계 없음 지원대상의 내용을 참고해주시기 바랍니다."
income_unresolved,WLF00006290,경남동행론(직접대출),none,,,,"경남동행론(직접대출) 제도권 금융 이용이 어려운 취약 경남도민 대상으로 소액자금을 지원합니다. 아래 두 가지 요건을 모두 충족한 자를 대상으로 지원합니다. &#9312; 대출신청일 기준 주민등록상 경상남도 90일 이상 연속 거주자 &#9313; 신용평점 하위 20%이면서 연소득 3,500만원 이하인 자 ※ 지원제외대상 : 한국신용정보원에 체납정보, 금융질서문란정보가 등재된 자, 경남동행론(위탁보증) 상품의 보증 잔액 또는 대위변제채권 잔액 보유자 지원대상의 내용을 참고해주시기 바랍니다."
income_unresolved,WLF00006292,난임치료휴가급여 지원,none,,,,"난임치료휴가급여 지원 연간 6일(최초 2일 유급) 이내의 난임치료 휴가 사용이 가능하며, 난임치료 시술을 예정 중인 근로자에게 난임치료휴가 급여를 지원합니다. 난임치료를 받기 위하여 휴가를 사용하려는 남녀 근로자 중 아래의 요건을 모두 갖춘 근로자를 대상으로 지원합니다. 남녀고용평등법 제18조의3 난임치료휴가를 사용한 우선지원대상기업 소속 근로자일 것 휴가가 끝난 날 이전까지의 피보험 단위기간이 180일 이상일 것 휴가를 시작한 날 이후 1개월부터 끝난 날 이후 12개월 이내에 신청 지원대상의 내용을 참고해주시기 바랍니다."
income_unresolved,WLF00006301,"위기청년(가족돌봄, 고립은둔) 전담 지원사업",none,unknown,,,"위기청년(가족돌봄, 고립은둔) 전담 지원사업 청년들에게 공정한 출발 기회 제공하고, 위기청년 조기 발굴 및 회복과 자립을 지원합니다. 가족돌봄청(소)년(13세~34세)으로, 가족돌봄청년 세부선정 기준은 아래와 같습니다. &#9312;돌봄대상가족이 있을 것(고령,장애,질병,중증수술 등) &#9313;돌봄대상가족과 도움필요 아동ㆍ청년 외 35세 이상 다른 가족 구성원이 없을 것 (35세 이상 가족 구성원이 거주불명, 국외체류, 장애 등으로 실질적으로 돌봄을 수행할 수 없는 상황에 있는 경우 예외) &#9314;돌봄대상가족과 도움필요 아동ㆍ청년의 「주민등록법」상 주소지가 일치할 것(주소지가 다르더라도 실질적 돌봄을 유지하는 경우 예외) 고립은둔청년(19세~34세)으로, 세부 선정기준은 아래와 같습니다. 고립청년:"
income_unresolved,WLF00006315,가족전용상담전화,none,,,,"가족전용상담전화 가족유형별, 특성별 생애주기 맞춤형 상담, 정보제공 등 수행, 종합적·전문적 가족정책 및 정보제공 상담으로 다양한 가족을 지원합니다. 미혼모,부, 한부모, 이주여성, 다문화가족, 일반가족 등을 지원합니다. 별도 선정기준 없음"
income_unresolved,WLF00006319,대지급금,none,,,,"대지급금 근로자가 기업의 도산 등으로 인하여 임금(또는 휴업수당, 출산전후휴가기간 중 급여) 등을 지급받지 못한 경우 국가가 사업주를 대신하여 일정 범위의 체불임금 등을 지급함으로써 체불 근로자의 생활안정을 도모합니다. 지급 사유 및 대상 (도산대지급금) 체불 사업주에 대한 법원의 회생 절차 개시결정 또는 파산 선고 결정, 지방고용노동관서의 도산 등 사실 인정 - 퇴직 근로자만 대상 (간이대지급금) 미지급 임금 등의 지급을 명하는 법원의 확정판결이 있는 경우 또는 지방고용노동관서의 체불 임금등․사업주 확인서로 체불 임금 등이 확인된 경우-퇴직 근로자 또는 저소득 재직 근로자(최저임금 110% 미만)가 대상 지원대상의 내용을 참고해주시기 바랍니다."
income_unresolved,WLF00006357,강남구 아빠 육아휴직장려금 지원사업,none,,,,"강남구 아빠 육아휴직장려금 지원사업 남성의 육아참여를 장려하여 여성의 경력단절 예방 및 일‧가정 양립을 지원하고 아동의 정서적 안정을 도모하여 출산율 증가에 기여하고자 함. 1. 지원대상 - 신청일 기준 1년 이상 계속하여 강남구에 주민등록이 되어있는 남성 육아휴직자 (대상 자녀 강남구에 주민등록된 경우) ※ 단, 시행일(2026. 1. 1.) 이후 휴직자 - 고용보험 가입자로 육아휴직급여 수급자(공무원, 교사 등 연금수급자 제외) - 동일한 육아휴직기간으로 고용노동부 6+6 부모육아휴직제 지원대상자는 특례 종료 후 지원 가능 (특례 기간은 제외하고 지급)2. 지원금액 - 육아휴직 기간당 월 30만원 / 최대 1년지원 ※ 30일 미만 기간은 일할계산(1일당 1만원으로 함)3. 신청방법 - 온라인 신청(정부2"
income_unresolved,WLF00006641,용산구 발달장애인 배상책임보험 가입 지원,none,unknown,,,"용산구 발달장애인 배상책임보험 가입 지원 발달장애인의 신체적·재산적 피해에 대한 배상책임을 보장함으로써, 발달장애인과 보호자의 경제적 부담을 완화하고 사회적 안전망을 강화하고자 함. 용산구 주민등록 발달장애인 680명 *지원대상 : 관내 발달장애인(지적‧자폐성) 전 연령*지원내용 : 일상생활 중 발생하는 피해 상황에 대한 보상금 지원*지원방법 : 사고발생 시 보험사에서 대상자에게 보험금 지급"
income_unresolved,WLF00006656,관악구 한의약 난임치료 지원 사업,none,,,,"관악구 한의약 난임치료 지원 사업 자연임신을 원하는 원인불명의 난임부부를 위한 첩약 치료비용 지원 - 원인불명의 난임을 진단받은 부부(사실혼 부부 포함)- 여성 나이 기준 없음- 부부 공동치료, 단독치료 가능- 신청일 기준 부부 한 명 이상이 대한민국 국적이면서 주민등록상 관악구민- 소득, 재산 기준 없음 - 원인불명의 난임 진단자 (N979)- 여성 나이 기준 없음- 신청일 기준 부부 한 명 이상이 대한민국 국적이면서 주민등록상 관악구민- 소득, 재산 기준 없음"
